Workbook

Sheet 주간운영
A1: 중블록 | B1: 소블록 | C1: 구분 | D1: 12월23일 | E1: 12월24일 | F1: 12월25일 | G1: 12월26일 | H1: 12월27일 | I1: 12월28일 | J1: 12월29일 | K1: 7일 평균 | L1: 이상유무(기준은 임시) | M1: 확인필요: 금일값이 평균값보다 0.9 이하, 1.1 이상
A2: 별도봉(중) | B2: 별도봉배유출 | C2: 일공급량 | D2: 9973 | E2: 9763 | F2: 9718 | G2: 9722 | H2: 9771 | I2: 10129 | J2: 10078 | K2: =AVERAGE(D2:J2) -> 9879.1429 | L2: =IF(OR(J2>=K2*1.1,J2<=K2*0.9),"확인필요","이상없음") -> 이상없음
B3: 별도봉배유출 | C3: MNF | D3: 213 | E3: 218 | F3: 224 | G3: 216 | H3: 219 | I3: 221 | J3: =MNF산정!B$440 -> 210.76667 | K3: =AVERAGE(D3:J3) -> 217.39524 | L3: =IF(OR(J3>=K3*1.1,J3<=K3*0.9),"확인필요","이상없음") -> 이상없음
B4: 별도봉1 | C4: 일공급량 | D4: 1701 | E4: 1689 | F4: 1658 | G4: 1678 | H4: 1676 | I4: 1701 | J4: 1732 | K4: =AVERAGE(D4:J4) -> 1690.7143 | L4: =IF(OR(J4>=K4*1.1,J4<=K4*0.9),"확인필요","이상없음") -> 이상없음
B5: 별도봉1 | C5: MNF | D5: 48.375017 | E5: 49.059217 | F5: 48.738783 | G5: 48.714317 | H5: 49.809417 | I5: 49.73215 | J5: =MNF산정!C$440 -> 48.5541 | K5: =AVERAGE(D5:J5) -> 48.997572 | L5: =IF(OR(J5>=K5*1.1,J5<=K5*0.9),"확인필요","이상없음") -> 이상없음
B6: 별도봉2 | C6: 일공급량 | D6: 2805 | E6: 2759 | F6: 2775 | G6: 2829 | H6: 2788 | I6: 2794 | J6: 2771 | K6: =AVERAGE(D6:J6) -> 2788.7143 | L6: =IF(OR(J6>=K6*1.1,J6<=K6*0.9),"확인필요","이상없음") -> 이상없음
B7: 별도봉2 | C7: MNF | D7: 95.257584 | E7: 95.649584 | F7: 98.652417 | G7: 97.0106 | H7: 97.231184 | I7: 95.202917 | J7: =MNF산정!D$440 -> 95.87025 | K7: =AVERAGE(D7:J7) -> 96.410648 | L7: =IF(OR(J7>=K7*1.1,J7<=K7*0.9),"확인필요","이상없음") -> 이상없음
B8: 별도봉3 | C8: 일공급량 | D8: 762 | E8: 823 | F8: 828 | G8: 857 | H8: 821 | I8: 881 | J8: 902 | K8: =AVERAGE(D8:J8) -> 839.14286 | L8: =IF(OR(J8>=K8*1.1,J8<=K8*0.9),"확인필요","이상없음") -> 이상없음
B9: 별도봉3 | C9: MNF | D9: 15.72755 | E9: 19.162 | F9: 16.911283 | G9: 16.5306 | H9: 17.13185 | I9: 17.972484 | J9: =MNF산정!E$440 -> 16.803867 | K9: =AVERAGE(D9:J9) -> 17.177091 | L9: =IF(OR(J9>=K9*1.1,J9<=K9*0.9),"확인필요","이상없음") -> 이상없음
B10: 별도봉4 | C10: 일공급량 | D10: 901 | E10: 900 | F10: 829 | G10: 840 | H10: 834 | I10: 906 | J10: 924 | K10: =AVERAGE(D10:J10) -> 876.28571 | L10: =IF(OR(J10>=K10*1.1,J10<=K10*0.9),"확인필요","이상없음") -> 이상없음
B11: 별도봉4 | C11: MNF | D11: 0 | E11: 0 | F11: 0 | G11: 0.45253563 | H11: 0 | I11: 2.6550927 | J11: =MNF산정!F$440 -> 1.9974912 | K11: =AVERAGE(D11:J11) -> 0.72930279 | L11: =IF(OR(J11>=K11*1.1,J11<=K11*0.9),"확인필요","이상없음") -> 확인필요
B12: 별도봉5 | C12: 일공급량 | D12: 798 | E12: 785 | F12: 771 | G12: 744 | H12: 782 | I12: 777 | J12: 766 | K12: =AVERAGE(D12:J12) -> 774.71429 | L12: =IF(OR(J12>=K12*1.1,J12<=K12*0.9),"확인필요","이상없음") -> 이상없음
B13: 별도봉5 | C13: MNF | D13: 17.403267 | E13: 18.313667 | F13: 18.0894 | G13: 16.417483 | H13: 17.73695 | I13: 17.288267 | J13: =MNF산정!G$440 -> 16.758617 | K13: =AVERAGE(D13:J13) -> 17.429664 | L13: =IF(OR(J13>=K13*1.1,J13<=K13*0.9),"확인필요","이상없음") -> 이상없음
B14: 별도봉6 | C14: 일공급량 | D14: 0 | E14: 0 | F14: 0 | G14: 0 | H14: 0 | I14: 0 | J14: 0 | K14: =AVERAGE(D14:J14) -> 0 | L14: =IF(OR(J14>=K14*1.1,J14<=K14*0.9),"확인필요","이상없음") -> 확인필요
B15: 별도봉6 | C15: MNF | D15: 0 | E15: 0 | F15: 0 | G15: 0 | H15: 0 | I15: 0 | K15: =AVERAGE(D15:J15) -> 0 | L15: =IF(OR(J15>=K15*1.1,J15<=K15*0.9),"확인필요","이상없음") -> 확인필요
A16: 사라봉1(중) | B16: 건입저지대2 | C16: 일공급량 | D16: 10200 | E16: 9681 | F16: 9627 | G16: 9625 | H16: 9749 | I16: 9860 | J16: 9713 | K16: =AVERAGE(D16:J16) -> 9779.2857 | L16: =IF(OR(J16>=K16*1.1,J16<=K16*0.9),"확인필요","이상없음") -> 이상없음
B17: 건입저지대2 | C17: MNF | D17: 306.03333 | E17: 306.21667 | F17: 298.61667 | G17: 299.16667 | H17: 308.4 | I17: 304.76667 | J17: =MNF산정!H$440 -> 304.58333 | K17: =AVERAGE(D17:J17) -> 303.96905 | L17: =IF(OR(J17>=K17*1.1,J17<=K17*0.9),"확인필요","이상없음") -> 이상없음
B18: 건입저지대 | C18: 일공급량 | D18: 9264 | E18: 8808 | F18: 8760 | G18: 8747 | H18: 8859 | I18: 8963 | J18: 8847 | K18: =AVERAGE(D18:J18) -> 8892.5714 | L18: =IF(OR(J18>=K18*1.1,J18<=K18*0.9),"확인필요","이상없음") -> 이상없음
B19: 건입저지대 | C19: MNF | D19: 271.51667 | E19: 273.35 | F19: 265.96667 | G19: 267.46667 | H19: 275.55 | I19: 272.61667 | J19: =MNF산정!I$440 -> 271.93333 | K19: =AVERAGE(D19:J19) -> 271.2 | L19: =IF(OR(J19>=K19*1.1,J19<=K19*0.9),"확인필요","이상없음") -> 이상없음
B20: 사라봉1 | C20: 일공급량 | D20: 2013 | E20: 2012 | F20: 2013 | G20: 2007 | H20: 2014 | I20: 2025 | J20: 2046 | K20: =AVERAGE(D20:J20) -> 2018.5714 | L20: =IF(OR(J20>=K20*1.1,J20<=K20*0.9),"확인필요","이상없음") -> 이상없음
B21: 사라봉1 | C21: MNF | D21: 58.71785 | E21: 60.442483 | F21: 58.9854 | G21: 59.827967 | H21: 58.764933 | I21: 58.847833 | J21: =MNF산정!J$440 -> 60.44625 | K21: =AVERAGE(D21:J21) -> 59.433245 | L21: =IF(OR(J21>=K21*1.1,J21<=K21*0.9),"확인필요","이상없음") -> 이상없음
B22: 사라봉2 | C22: 일공급량 | D22: 1807 | E22: 1804 | F22: 1802 | G22: 1838 | H22: 1787 | I22: 1850 | J22: 1797 | K22: =AVERAGE(D22:J22) -> 1812.1429 | L22: =IF(OR(J22>=K22*1.1,J22<=K22*0.9),"확인필요","이상없음") -> 이상없음
B23: 사라봉2 | C23: MNF | D23: 59.192994 | E23: 60.590926 | F23: 59.158357 | G23: 59.172294 | H23: 61.317236 | I23: 60.419417 | J23: =MNF산정!K$440 -> 60.400438 | K23: =AVERAGE(D23:J23) -> 60.035952 | L23: =IF(OR(J23>=K23*1.1,J23<=K23*0.9),"확인필요","이상없음") -> 이상없음
B24: 사라봉3 | C24: 일공급량 | D24: 1874 | E24: 1646 | F24: 1713 | G24: 1747 | H24: 1701 | I24: 1754 | J24: 1734 | K24: =AVERAGE(D24:J24) -> 1738.4286 | L24: =IF(OR(J24>=K24*1.1,J24<=K24*0.9),"확인필요","이상없음") -> 이상없음
B25: 사라봉3 | C25: MNF | D25: 41.34785 | E25: 41.98985 | F25: 41.553967 | G25: 40.8559 | H25: 42.14 | I25: 42.216667 | J25: =MNF산정!L$440 -> 43.447734 | K25: =AVERAGE(D25:J25) -> 41.935995 | L25: =IF(OR(J25>=K25*1.1,J25<=K25*0.9),"확인필요","이상없음") -> 이상없음
B26: 사라봉4 | C26: 일공급량 | D26: 443 | E26: 445 | F26: 447 | G26: 428 | H26: 456 | I26: 448 | J26: 442 | K26: =AVERAGE(D26:J26) -> 444.14286 | L26: =IF(OR(J26>=K26*1.1,J26<=K26*0.9),"확인필요","이상없음") -> 이상없음
B27: 사라봉4 | C27: MNF | D27: 11.987883 | E27: 13.0453 | F27: 11.788117 | G27: 13.12625 | H27: 12.8945 | I27: 12.362917 | J27: =MNF산정!M$440 -> 11.833283 | K27: =AVERAGE(D27:J27) -> 12.434036 | L27: =IF(OR(J27>=K27*1.1,J27<=K27*0.9),"확인필요","이상없음") -> 이상없음
B28: 사라봉5 | C28: 일공급량 | D28: 477 | E28: 465 | F28: 449 | G28: 445 | H28: 449 | I28: 424 | J28: 432 | K28: =AVERAGE(D28:J28) -> 448.71429 | L28: =IF(OR(J28>=K28*1.1,J28<=K28*0.9),"확인필요","이상없음") -> 이상없음
B29: 사라봉5 | C29: MNF | D29: 16.8284 | E29: 18.655267 | F29: 17.064767 | G29: 19.157816 | H29: 16.668284 | I29: 16.172067 | J29: =MNF산정!N$440 -> 17.025584 | K29: =AVERAGE(D29:J29) -> 17.367455 | L29: =IF(OR(J29>=K29*1.1,J29<=K29*0.9),"확인필요","이상없음") -> 이상없음
A30: 사라봉2(중) | B30: 건입고지대 | C30: 일공급량 | D30: 684 | E30: 719 | F30: 654 | G30: 671 | H30: 729 | I30: 709 | J30: 738 | K30: =AVERAGE(D30:J30) -> 700.57143 | L30: =IF(OR(J30>=K30*1.1,J30<=K30*0.9),"확인필요","이상없음") -> 이상없음
B31: 건입고지대 | C31: MNF | D31: 15.783333 | E31: 15.433333 | F31: 15.35 | G31: 15.466667 | H31: 15.766667 | I31: 16.5 | J31: =MNF산정!O$440 -> 16.433333 | K31: =AVERAGE(D31:J31) -> 15.819048 | L31: =IF(OR(J31>=K31*1.1,J31<=K31*0.9),"확인필요","이상없음") -> 이상없음
B32: 건입고지대2 | C32: 일공급량 | D32: 0 | E32: 0 | F32: 0 | G32: 0 | H32: 0 | I32: 0 | J32: 0 | K32: =AVERAGE(D32:J32) -> 0 | L32: =IF(OR(J32>=K32*1.1,J32<=K32*0.9),"확인필요","이상없음") -> 확인필요
B33: 건입고지대2 | C33: MNF | D33: 0 | E33: 0 | F33: 0 | G33: 0 | H33: 0 | I33: 0 | J33: =MNF산정!P$440 -> 0 | K33: =AVERAGE(D33:J33) -> 0 | L33: =IF(OR(J33>=K33*1.1,J33<=K33*0.9),"확인필요","이상없음") -> 확인필요
B34: 사라봉6 | C34: 일공급량 | D34: 700 | E34: 736 | F34: 671 | G34: 686 | H34: 746 | I34: 726 | J34: 756 | K34: =AVERAGE(D34:J34) -> 717.28571 | L34: =IF(OR(J34>=K34*1.1,J34<=K34*0.9),"확인필요","이상없음") -> 이상없음
B35: 사라봉6 | C35: MNF | D35: 16.119424 | E35: 15.766542 | F35: 15.767655 | G35: 16.076501 | H35: 16.109717 | I35: 16.885083 | J35: =MNF산정!Q$440 -> 16.788744 | K35: =AVERAGE(D35:J35) -> 16.216238 | L35: =IF(OR(J35>=K35*1.1,J35<=K35*0.9),"확인필요","이상없음") -> 이상없음
A36: 사라봉3(중) | B36: 영락교회유출 | C36: 일공급량 | D36: 947 | E36: 943 | F36: 904 | G36: 905 | H36: 924 | I36: 964 | J36: 1022 | K36: =AVERAGE(D36:J36) -> 944.14286 | L36: =IF(OR(J36>=K36*1.1,J36<=K36*0.9),"확인필요","이상없음") -> 이상없음
B37: 영락교회유출 | C37: MNF | D37: 1.8160937 | E37: 5.6987499 | F37: 1.9328125 | G37: 7.25 | H37: 5.5660937 | I37: 8.3001563 | J37: =MNF산정!R$440 -> 4.1324999 | K37: =AVERAGE(D37:J37) -> 4.9566294 | L37: =IF(OR(J37>=K37*1.1,J37<=K37*0.9),"확인필요","이상없음") -> 확인필요
B38: 사라봉7 | C38: 일공급량 | D38: 996 | E38: 994 | F38: 947 | G38: 955 | H38: 966 | I38: 1007 | J38: 1073 | K38: =AVERAGE(D38:J38) -> 991.14286 | L38: =IF(OR(J38>=K38*1.1,J38<=K38*0.9),"확인필요","이상없음") -> 이상없음
B39: 사라봉7 | C39: MNF | D39: 3.7130124 | E39: 6.3389445 | F39: 3.3029585 | G39: 7.1748364 | H39: 5.5900077 | I39: 8.1410752 | J39: =MNF산정!S$440 -> 4.9219543 | K39: =AVERAGE(D39:J39) -> 5.5975413 | L39: =IF(OR(J39>=K39*1.1,J39<=K39*0.9),"확인필요","이상없음") -> 확인필요
A40: 사라봉4(중) | B40: 공원유출 | C40: 일공급량 | D40: 140 | E40: 134 | F40: 134 | G40: 131 | H40: 131 | I40: 124 | J40: 131 | K40: =AVERAGE(D40:J40) -> 132.14286 | L40: =IF(OR(J40>=K40*1.1,J40<=K40*0.9),"확인필요","이상없음") -> 이상없음
B41: 공원유출 | C41: MNF | D41: 4.8166667 | E41: 4.9333333 | F41: 4.8333333 | G41: 4.8 | H41: 0 | I41: 4.1833333 | J41: =MNF산정!T$440 -> 4.45 | K41: =AVERAGE(D41:J41) -> 4.002381 | L41: =IF(OR(J41>=K41*1.1,J41<=K41*0.9),"확인필요","이상없음") -> 확인필요
B42: 사라봉8 | C42: 일공급량 | D42: 140 | E42: 134 | F42: 134 | G42: 131 | H42: 131 | I42: 124 | J42: 131 | K42: =AVERAGE(D42:J42) -> 132.14286 | L42: =IF(OR(J42>=K42*1.1,J42<=K42*0.9),"확인필요","이상없음") -> 이상없음
B43: 사라봉8 | C43: MNF | D43: 4.8166667 | E43: 4.9333333 | F43: 4.8333333 | G43: 4.8 | H43: 0 | I43: 4.1833333 | J43: =MNF산정!U$440 -> 4.45 | K43: =AVERAGE(D43:J43) -> 4.002381 | L43: =IF(OR(J43>=K43*1.1,J43<=K43*0.9),"확인필요","이상없음") -> 확인필요
A44: 영평1(중) | B44: 영평배시내유출 | C44: 일공급량 | D44: 31318 | E44: 31347 | F44: 31232 | G44: 31097 | H44: 30924 | I44: 31363 | J44: 31305 | K44: =AVERAGE(D44:J44) -> 31226.571 | L44: =IF(OR(J44>=K44*1.1,J44<=K44*0.9),"확인필요","이상없음") -> 이상없음
B45: 영평배시내유출 | C45: MNF | D45: 856.41667 | E45: 859.38333 | F45: 878.4 | G45: 889.9 | H45: 861.55 | I45: 861.23333 | J45: =MNF산정!V$440 -> 843.75 | K45: =AVERAGE(D45:J45) -> 864.37619 | L45: =IF(OR(J45>=K45*1.1,J45<=K45*0.9),"확인필요","이상없음") -> 이상없음
B46: 영평1 | C46: 일공급량 | D46: 1095 | E46: 1111 | F46: 1079 | G46: 1071 | H46: 1109 | I46: 1105 | J46: 1132 | K46: =AVERAGE(D46:J46) -> 1100.2857 | L46: =IF(OR(J46>=K46*1.1,J46<=K46*0.9),"확인필요","이상없음") -> 이상없음
B47: 영평1 | C47: MNF | D47: 26.620803 | E47: 26.314705 | F47: 27.711843 | G47: 25.88602 | H47: 29.4593 | I47: 28.96711 | J47: =MNF산정!W$440 -> 25.568622 | K47: =AVERAGE(D47:J47) -> 27.218343 | L47: =IF(OR(J47>=K47*1.1,J47<=K47*0.9),"확인필요","이상없음") -> 이상없음
B48: 영평2 | C48: 일공급량 | D48: 1011 | E48: 970 | F48: 933 | G48: 871 | H48: 938 | I48: 879 | J48: 891 | K48: =AVERAGE(D48:J48) -> 927.57143 | L48: =IF(OR(J48>=K48*1.1,J48<=K48*0.9),"확인필요","이상없음") -> 이상없음
B49: 영평2 | C49: MNF | D49: 23.593483 | E49: 23.184467 | F49: 22.94695 | G49: 22.35505 | H49: 24.081767 | I49: 23.0072 | J49: =MNF산정!X$440 -> 24.4398 | K49: =AVERAGE(D49:J49) -> 23.372674 | L49: =IF(OR(J49>=K49*1.1,J49<=K49*0.9),"확인필요","이상없음") -> 이상없음
B50: 영평3 | C50: 일공급량 | D50: 337 | E50: 324 | F50: 317 | G50: 334 | H50: 310 | I50: 325 | J50: 341 | K50: =AVERAGE(D50:J50) -> 326.85714 | L50: =IF(OR(J50>=K50*1.1,J50<=K50*0.9),"확인필요","이상없음") -> 이상없음
B51: 영평3 | C51: MNF | D51: 5.9838 | E51: 5.7091334 | F51: 6.6157334 | G51: 5.9276 | H51: 6.7716334 | I51: 6.1767667 | J51: =MNF산정!Y$440 -> 6.05485 | K51: =AVERAGE(D51:J51) -> 6.1770739 | L51: =IF(OR(J51>=K51*1.1,J51<=K51*0.9),"확인필요","이상없음") -> 이상없음
B52: 영평4 | C52: 일공급량 | D52: 0 | E52: 0 | F52: 0 | G52: 0 | H52: 0 | I52: 0 | J52: 0 | K52: =AVERAGE(D52:J52) -> 0 | L52: =IF(OR(J52>=K52*1.1,J52<=K52*0.9),"확인필요","이상없음") -> 확인필요
B53: 영평4 | C53: MNF | D53: 0 | E53: 0 | F53: 0 | G53: 0 | H53: 0 | I53: 0 | J53: =MNF산정!Z$440 -> 0 | K53: =AVERAGE(D53:J53) -> 0 | L53: =IF(OR(J53>=K53*1.1,J53<=K53*0.9),"확인필요","이상없음") -> 확인필요
B54: 영평5 | C54: 일공급량 | D54: 691 | E54: 686 | F54: 749 | G54: 797 | H54: 740 | I54: 771 | J54: 764 | K54: =AVERAGE(D54:J54) -> 742.57143 | L54: =IF(OR(J54>=K54*1.1,J54<=K54*0.9),"확인필요","이상없음") -> 이상없음
B55: 영평5 | C55: MNF | D55: 17.325983 | E55: 16.7907 | F55: 19.95365 | G55: 18.794317 | H55: 17.791617 | I55: 20.411667 | J55: =MNF산정!AA$440 -> 18.383517 | K55: =AVERAGE(D55:J55) -> 18.493064 | L55: =IF(OR(J55>=K55*1.1,J55<=K55*0.9),"확인필요","이상없음") -> 이상없음
B56: 영평6 | C56: 일공급량 | D56: 0 | E56: 0 | F56: 0 | G56: 0 | H56: 0 | I56: 0 | J56: 0 | K56: =AVERAGE(D56:J56) -> 0 | L56: =IF(OR(J56>=K56*1.1,J56<=K56*0.9),"확인필요","이상없음") -> 확인필요
B57: 영평6 | C57: MNF | D57: 0 | E57: 0 | F57: 0 | G57: 0 | H57: 0 | I57: 0 | J57: =MNF산정!AB$440 -> 0 | K57: =AVERAGE(D57:J57) -> 0 | L57: =IF(OR(J57>=K57*1.1,J57<=K57*0.9),"확인필요","이상없음") -> 확인필요
B58: 영평7 | C58: 일공급량 | D58: 1890 | E58: 1882 | F58: 1801 | G58: 1823 | H58: 1813 | I58: 1860 | J58: 1878 | K58: =AVERAGE(D58:J58) -> 1849.5714 | L58: =IF(OR(J58>=K58*1.1,J58<=K58*0.9),"확인필요","이상없음") -> 이상없음
B59: 영평7 | C59: MNF | D59: 53.20917 | E59: 51.109152 | F59: 51.491879 | G59: 51.718741 | H59: 53.018016 | I59: 53.121957 | J59: =MNF산정!AC$440 -> 51.320356 | K59: =AVERAGE(D59:J59) -> 52.141324 | L59: =IF(OR(J59>=K59*1.1,J59<=K59*0.9),"확인필요","이상없음") -> 이상없음
B60: 영평8 | C60: 일공급량 | D60: 178 | E60: 169 | F60: 168 | G60: 168 | H60: 162 | I60: 161 | J60: 168 | K60: =AVERAGE(D60:J60) -> 167.71429 | L60: =IF(OR(J60>=K60*1.1,J60<=K60*0.9),"확인필요","이상없음") -> 이상없음
B61: 영평8 | C61: MNF | D61: 6.3188334 | E61: 5.9413167 | F61: 6.3909334 | G61: 6.3951501 | H61: 5.7292001 | I61: 6.2297167 | J61: =MNF산정!AD$440 -> 5.9031001 | K61: =AVERAGE(D61:J61) -> 6.1297501 | L61: =IF(OR(J61>=K61*1.1,J61<=K61*0.9),"확인필요","이상없음") -> 이상없음
B62: 영평9 | C62: 일공급량 | D62: 111 | E62: 120 | F62: 125 | G62: 94 | H62: 92 | I62: 112 | J62: 111 | K62: =AVERAGE(D62:J62) -> 109.28571 | L62: =IF(OR(J62>=K62*1.1,J62<=K62*0.9),"확인필요","이상없음") -> 이상없음
B63: 영평9 | C63: MNF | D63: 0 | E63: 0 | F63: 0 | G63: 0 | H63: 0 | I63: 0 | J63: =MNF산정!AE$440 -> 0 | K63: =AVERAGE(D63:J63) -> 0 | L63: =IF(OR(J63>=K63*1.1,J63<=K63*0.9),"확인필요","이상없음") -> 확인필요
B64: 영평10 | C64: 일공급량 | D64: 2671 | E64: 2676 | F64: 2609 | G64: 2695 | H64: 2683 | I64: 2689 | J64: 2697 | K64: =AVERAGE(D64:J64) -> 2674.2857 | L64: =IF(OR(J64>=K64*1.1,J64<=K64*0.9),"확인필요","이상없음") -> 이상없음
B65: 영평10 | C65: MNF | D65: 79.238235 | E65: 79.51668 | F65: 79.10743 | G65: 82.600066 | H65: 79.727798 | I65: 80.319351 | J65: =MNF산정!AF$440 -> 79.630315 | K65: =AVERAGE(D65:J65) -> 80.019982 | L65: =IF(OR(J65>=K65*1.1,J65<=K65*0.9),"확인필요","이상없음") -> 이상없음
B66: 영평11 | C66: 일공급량 | D66: 1355 | E66: 1373 | F66: 1171 | G66: 1268 | H66: 1199 | I66: 1382 | J66: 1405 | K66: =AVERAGE(D66:J66) -> 1307.5714 | L66: =IF(OR(J66>=K66*1.1,J66<=K66*0.9),"확인필요","이상없음") -> 이상없음
B67: 영평11 | C67: MNF | D67: 0 | E67: 0 | F67: 0 | G67: 0 | H67: 0 | I67: 0 | J67: =MNF산정!AG$440 -> 0 | K67: =AVERAGE(D67:J67) -> 0 | L67: =IF(OR(J67>=K67*1.1,J67<=K67*0.9),"확인필요","이상없음") -> 확인필요
B68: 영평12 | C68: 일공급량 | D68: 2371 | E68: 2381 | F68: 2329 | G68: 2325 | H68: 2357 | I68: 2336 | J68: 2390 | K68: =AVERAGE(D68:J68) -> 2355.5714 | L68: =IF(OR(J68>=K68*1.1,J68<=K68*0.9),"확인필요","이상없음") -> 이상없음
B69: 영평12 | C69: MNF | D69: 59.20371 | E69: 60.012127 | F69: 59.402331 | G69: 59.040053 | H69: 60.000896 | I69: 62.166157 | J69: =MNF산정!AH$440 -> 59.83603 | K69: =AVERAGE(D69:J69) -> 59.951615 | L69: =IF(OR(J69>=K69*1.1,J69<=K69*0.9),"확인필요","이상없음") -> 이상없음
B70: 영평13 | C70: 일공급량 | D70: 992 | E70: 964 | F70: 976 | G70: 914 | H70: 946 | I70: 923 | J70: 896 | K70: =AVERAGE(D70:J70) -> 944.42857 | L70: =IF(OR(J70>=K70*1.1,J70<=K70*0.9),"확인필요","이상없음") -> 이상없음
B71: 영평13 | C71: MNF | D71: 12.259617 | E71: 14.21585 | F71: 14.8287 | G71: 12.35185 | H71: 13.065383 | I71: 12.736667 | J71: =MNF산정!AI$440 -> 11.999783 | K71: =AVERAGE(D71:J71) -> 13.065407 | L71: =IF(OR(J71>=K71*1.1,J71<=K71*0.9),"확인필요","이상없음") -> 이상없음
B72: 영평14 | C72: 일공급량 | D72: 1116 | E72: 1145 | F72: 1091 | G72: 1131 | H72: 1113 | I72: 1142 | J72: 1137 | K72: =AVERAGE(D72:J72) -> 1125 | L72: =IF(OR(J72>=K72*1.1,J72<=K72*0.9),"확인필요","이상없음") -> 이상없음
B73: 영평14 | C73: MNF | D73: 15.501875 | E73: 15.530633 | F73: 16.475746 | G73: 16.014513 | H73: 16.396965 | I73: 15.839925 | J73: =MNF산정!AJ$440 -> 15.944715 | K73: =AVERAGE(D73:J73) -> 15.957767 | L73: =IF(OR(J73>=K73*1.1,J73<=K73*0.9),"확인필요","이상없음") -> 이상없음
B74: 영평16 | C74: 일공급량 | D74: 1292 | E74: 1286 | F74: 1271 | G74: 1285 | H74: 1269 | I74: 1296 | J74: 1307 | K74: =AVERAGE(D74:J74) -> 1286.5714 | L74: =IF(OR(J74>=K74*1.1,J74<=K74*0.9),"확인필요","이상없음") -> 이상없음
B75: 영평16 | C75: MNF | D75: 36.173588 | E75: 36.167372 | F75: 36.943393 | G75: 35.838284 | H75: 36.004646 | I75: 36.604337 | J75: =MNF산정!AK$440 -> 35.874721 | K75: =AVERAGE(D75:J75) -> 36.229477 | L75: =IF(OR(J75>=K75*1.1,J75<=K75*0.9),"확인필요","이상없음") -> 이상없음
B76: 영평17 | C76: 일공급량 | D76: 1519 | E76: 1396 | F76: 1488 | G76: 1590 | H76: 1562 | I76: 1518 | J76: 1526 | K76: =AVERAGE(D76:J76) -> 1514.1429 | L76: =IF(OR(J76>=K76*1.1,J76<=K76*0.9),"확인필요","이상없음") -> 이상없음
B77: 영평17 | C77: MNF | D77: 36.0021 | E77: 39.6542 | F77: 51.632583 | G77: 49.36465 | H77: 37.065333 | I77: 34.788683 | J77: =MNF산정!AL$440 -> 35.813633 | K77: =AVERAGE(D77:J77) -> 40.617312 | L77: =IF(OR(J77>=K77*1.1,J77<=K77*0.9),"확인필요","이상없음") -> 확인필요
B78: 영평18 | C78: 일공급량 | D78: 1823 | E78: 1734 | F78: 1753 | G78: 1642 | H78: 1667 | I78: 1719 | J78: 1676 | K78: =AVERAGE(D78:J78) -> 1716.2857 | L78: =IF(OR(J78>=K78*1.1,J78<=K78*0.9),"확인필요","이상없음") -> 이상없음
B79: 영평18 | C79: MNF | D79: 55.397384 | E79: 55.449384 | F79: 56.118383 | G79: 54.347766 | H79: 55.310433 | I79: 55.5299 | J79: =MNF산정!AM$440 -> 54.743183 | K79: =AVERAGE(D79:J79) -> 55.270919 | L79: =IF(OR(J79>=K79*1.1,J79<=K79*0.9),"확인필요","이상없음") -> 이상없음
A80: 아라가(중) | B80: 아라가배유출 | C80: 일공급량 | D80: 5091 | E80: 5110 | F80: 4958 | G80: 5127 | H80: 5071 | I80: 4989 | J80: 5127 | K80: =AVERAGE(D80:J80) -> 5067.5714 | L80: =IF(OR(J80>=K80*1.1,J80<=K80*0.9),"확인필요","이상없음") -> 이상없음
B81: 아라가배유출 | C81: MNF | D81: 110.6 | E81: 110.85313 | F81: 120.10938 | G81: 117.01354 | H81: 118.25208 | I81: 115.06458 | J81: =MNF산정!AN$440 -> 111.68854 | K81: =AVERAGE(D81:J81) -> 114.79732 | L81: =IF(OR(J81>=K81*1.1,J81<=K81*0.9),"확인필요","이상없음") -> 이상없음
B82: 아라가배유출2 | C82: 일공급량 | D82: 2892 | E82: 2906 | F82: 2812 | G82: 2913 | H82: 2878 | I82: 2864 | J82: 2928 | K82: =AVERAGE(D82:J82) -> 2884.7143 | L82: =IF(OR(J82>=K82*1.1,J82<=K82*0.9),"확인필요","이상없음") -> 이상없음
B83: 아라가배유출2 | C83: MNF | D83: 58.5833 | E83: 58.5833 | F83: 58.5833 | G83: 58.5833 | H83: 58.5833 | I83: 58.5833 | J83: =MNF산정!AO$440 -> 56.783333 | K83: =AVERAGE(D83:J83) -> 58.326162 | L83: =IF(OR(J83>=K83*1.1,J83<=K83*0.9),"확인필요","이상없음") -> 이상없음
B84: 아라가1 | C84: 일공급량 | D84: 2379 | E84: 2377 | F84: 2320 | G84: 2418 | H84: 2442 | I84: 2391 | J84: 2393 | K84: =AVERAGE(D84:J84) -> 2388.5714 | L84: =IF(OR(J84>=K84*1.1,J84<=K84*0.9),"확인필요","이상없음") -> 이상없음
B85: 아라가1 | C85: MNF | D85: 59.873633 | E85: 60.697267 | F85: 62.796961 | G85: 64.337505 | H85: 66.13659 | I85: 61.66497 | J85: =MNF산정!AP$440 -> 59.120028 | K85: =AVERAGE(D85:J85) -> 62.089565 | L85: =IF(OR(J85>=K85*1.1,J85<=K85*0.9),"확인필요","이상없음") -> 이상없음
B86: 아라가2 | C86: 일공급량 | D86: 1983 | E86: 2011 | F86: 1920 | G86: 2000 | H86: 1937 | I86: 1940 | J86: 2030 | K86: =AVERAGE(D86:J86) -> 1974.4286 | L86: =IF(OR(J86>=K86*1.1,J86<=K86*0.9),"확인필요","이상없음") -> 이상없음
B87: 아라가2 | C87: MNF | D87: 34.7634 | E87: 35.33152 | F87: 37.586436 | G87: 36.138763 | H87: 35.579324 | I87: 35.540808 | J87: =MNF산정!AQ$440 -> 34.962172 | K87: =AVERAGE(D87:J87) -> 35.700346 | L87: =IF(OR(J87>=K87*1.1,J87<=K87*0.9),"확인필요","이상없음") -> 이상없음
A88: 산천단1(중) | B88: 산천단배법원유출 | C88: 일공급량 | D88: 2782 | E88: 2784 | F88: 2656 | G88: 2628 | H88: 2699 | I88: 2579 | J88: 2706 | K88: =AVERAGE(D88:J88) -> 2690.5714 | L88: =IF(OR(J88>=K88*1.1,J88<=K88*0.9),"확인필요","이상없음") -> 이상없음
B89: 산천단배법원유출 | C89: MNF | D89: 85.133333 | E89: 77.683333 | F89: 88.983333 | G89: 86.883333 | H89: 82.05 | I89: 81.733333 | J89: =MNF산정!AR$440 -> 83.883333 | K89: =AVERAGE(D89:J89) -> 83.764286 | L89: =IF(OR(J89>=K89*1.1,J89<=K89*0.9),"확인필요","이상없음") -> 이상없음
B90: 산천단1_1 | C90: 일공급량 | K90: =AVERAGE(D90:J90) -> #DIV/0! | L90: =IF(OR(J90>=K90*1.1,J90<=K90*0.9),"확인필요","이상없음") -> #DIV/0!
B91: 산천단1_1 | C91: MNF | J91: =MNF산정!AS$440 -> #DIV/0! | K91: =AVERAGE(D91:J91) -> #DIV/0! | L91: =IF(OR(J91>=K91*1.1,J91<=K91*0.9),"확인필요","이상없음") -> #DIV/0!
B92: 산천단배제대유출 | C92: 일공급량 | D92: 2925 | E92: 2875 | F92: 3023 | G92: 2771 | H92: 2700 | I92: 2505 | J92: 2473 | K92: =AVERAGE(D92:J92) -> 2753.1429 | L92: =IF(OR(J92>=K92*1.1,J92<=K92*0.9),"확인필요","이상없음") -> 확인필요
B93: 산천단배제대유출 | C93: MNF | D93: 107.88333 | E93: 111.38333 | F93: 102.78333 | G93: 95.333333 | H93: 99.2 | I93: 90.75 | J93: =MNF산정!AT$440 -> 95.916667 | K93: =AVERAGE(D93:J93) -> 100.46429 | L93: =IF(OR(J93>=K93*1.1,J93<=K93*0.9),"확인필요","이상없음") -> 이상없음
B94: 산천단1_2 | C94: 일공급량 | K94: =AVERAGE(D94:J94) -> #DIV/0! | L94: =IF(OR(J94>=K94*1.1,J94<=K94*0.9),"확인필요","이상없음") -> #DIV/0!
B95: 산천단1_2 | C95: MNF | J95: =MNF산정!AU$440 -> #DIV/0! | K95: =AVERAGE(D95:J95) -> #DIV/0! | L95: =IF(OR(J95>=K95*1.1,J95<=K95*0.9),"확인필요","이상없음") -> #DIV/0!
A96: 산천단2(중) | B96: 산천단배첨단유출 | C96: 일공급량 | D96: 2274 | E96: 2443 | F96: 2314 | G96: 2126 | H96: 2283 | I96: 2241 | J96: 2200 | K96: =AVERAGE(D96:J96) -> 2268.7143 | L96: =IF(OR(J96>=K96*1.1,J96<=K96*0.9),"확인필요","이상없음") -> 이상없음
B97: 산천단배첨단유출 | C97: MNF | D97: 54.016667 | E97: 67.816667 | F97: 53.7 | G97: 53.683333 | H97: 54.6 | I97: 53.516667 | J97: =MNF산정!AV$440 -> 54.416667 | K97: =AVERAGE(D97:J97) -> 55.964286 | L97: =IF(OR(J97>=K97*1.1,J97<=K97*0.9),"확인필요","이상없음") -> 이상없음
B98: 산천단2 | C98: 일공급량 | K98: =AVERAGE(D98:J98) -> #DIV/0! | L98: =IF(OR(J98>=K98*1.1,J98<=K98*0.9),"확인필요","이상없음") -> #DIV/0!
B99: 산천단2 | C99: MNF | J99: =MNF산정!AW$440 -> #DIV/0! | K99: =AVERAGE(D99:J99) -> #DIV/0! | L99: =IF(OR(J99>=K99*1.1,J99<=K99*0.9),"확인필요","이상없음") -> #DIV/0!
A100: 영평2(중) | B100: 황세앗유출 | C100: 일공급량 | D100: 1085 | E100: 1061 | F100: 1037 | G100: 1039 | H100: 1038 | I100: 1091 | J100: 1120 | K100: =AVERAGE(D100:J100) -> 1067.2857 | L100: =IF(OR(J100>=K100*1.1,J100<=K100*0.9),"확인필요","이상없음") -> 이상없음
...

Sheet 운영일보
A1: 대블록 | B1: 중블록 | C1: 소블록 | D1: 25년12월28일 일요일
E2: 이동평균으로 산정함 | F2: 이동평균 | G2: 1분단위 데이터의 1시간 평균값 을 5분단위로 산출후 가장 작은값
D3: 일공급량/(전일) | E3: MNF(야간최소유량) (당일 00시 ~06시) | F3: 순시 야간최소유량 | G3: 1분단위 순시유량 중 3~8번째로 작은 데이터의 평균값
A4: 중앙(대) | B4: 별도봉(중)
C5: 별도봉배유출 | D5: 10080 | E5: =MNF산정!EG4 -> 210.76667
C6: 별도봉1 | D6: 1732 | E6: =MNF산정!EG5 -> 48.5541
C7: 별도봉2 | D7: 2772 | E7: =MNF산정!EG6 -> 95.87025
C8: 별도봉3 | D8: 901 | E8: =MNF산정!EG7 -> 16.803867
C9: 별도봉4 | D9: 924 | E9: =MNF산정!EG8 -> 1.9974912
C10: 별도봉5 | D10: 766 | E10: =MNF산정!EG9 -> 16.758617
B11: 사라봉1(중) | C11: 건입저지대2 | D11: 738 | E11: =MNF산정!EG10 -> 304.58333
C12: 건입저지대 | D12: 0 | E12: =MNF산정!EG11 -> 271.93333
C13: 사라봉1 | D13: 2046 | E13: =MNF산정!EG12 -> 60.44625
C14: 사라봉2 | D14: 1797 | E14: =MNF산정!EG13 -> 60.400438
C15: 사라봉3 | D15: 1734 | E15: =MNF산정!EG14 -> 43.447734
C16: 사라봉4 | D16: 442 | E16: =MNF산정!EG15 -> 11.833283
C17: 사라봉5 | D17: 432 | E17: =MNF산정!EG16 -> 17.025584
B18: 사라봉2(중) | C18: 건입고지대 | D18: 9714 | E18: =MNF산정!EG17 -> 16.433333
C19: 건입고지대2 | D19: 8848 | E19: =MNF산정!EG18 -> 0
C20: 사라봉6 | D20: 756 | E20: =MNF산정!EG19 -> 16.788744
B21: 사라봉3(중) | C21: 영락교회유출 | D21: 1022 | E21: =MNF산정!EG20 -> 4.1324999
C22: 사라봉7 | D22: 1073 | E22: =MNF산정!EG21 -> 4.9219543
B23: 사라봉4(중) | C23: 공원유출 | D23: 131 | E23: =MNF산정!EG22 -> 4.45
C24: 사라봉8 | D24: 131 | E24: =MNF산정!EG23 -> 4.45
B25: 영평1(중) | C25: 영평배시내유출 | D25: 31314 | E25: =MNF산정!EG24 -> 843.75
C26: 영평1 | D26: 1132 | E26: =MNF산정!EG25 -> 25.568622
C27: 영평2 | D27: 891 | E27: =MNF산정!EG26 -> 24.4398
C28: 영평3 | D28: 341 | E28: =MNF산정!EG27 -> 6.05485
C29: 영평4 | D29: 0 | E29: =MNF산정!EG28 -> 0
C30: 영평5 | D30: 764 | E30: =MNF산정!EG29 -> 18.383517
C31: 영평6 | D31: 0 | E31: =MNF산정!EG30 -> 0
C32: 영평7 | D32: 1878 | E32: =MNF산정!EG31 -> 51.320356
C33: 영평8 | D33: 168 | E33: =MNF산정!EG32 -> 5.9031001
C34: 영평9 | D34: 111 | E34: =MNF산정!EG33 -> 0
C35: 영평10 | D35: 2697 | E35: =MNF산정!EG34 -> 79.630315
C36: 영평11 | D36: 1405 | E36: =MNF산정!EG35 -> 0
C37: 영평12 | D37: 2390 | E37: =MNF산정!EG36 -> 59.83603
... C42: 영평18 | D42: 1676 | E42: =MNF산정!EG41 -> 54.743183
B43: 아라가(중) | C43: 아라가배유출 | D43: 5128 | E43: =MNF산정!EG42 -> 111.68854
C44: 아라가1,2유입 | D44: 2929 | E44: =MNF산정!EG43 -> 56.783333
C45: 아라가1 | D45: 2393 | E45: =MNF산정!EG44 -> 59.120028
C46: 아라가2 | D46: 2030 | E46: =MNF산정!EG45 -> 34.962172
B47: 산천단1(중) | C47: 산천단배법원유출 | D47: 2707 | E47: =MNF산정!EG46 -> 83.883333
C48: 산천단1_1 | E48: =MNF산정!EG47 -> #DIV/0!
C49: 산천단배제대유출 | D49: 2474 | E49: =MNF산정!EG48 -> 95.916667
C50: 산천단1_2 | E50: =MNF산정!EG49 -> #DIV/0!
B51: 산천단2(중) | C51: 산천단배첨단유출 | D51: 2200 | E51: =MNF산정!EG50 -> 54.416667
C52: 산천단2 | E52: =MNF산정!EG51 -> #DIV/0!
B53: 영평2(중) | C53: 황세앗유출 | D53: 1120 | E53: =MNF산정!EG52 -> 29.483333
C54: 영평15 | D54: 1161 | E54: =MNF산정!EG53 -> 32.389782
B55: 영평소(중) | C55: 영평소배유출 | D55: 699 | E55: =MNF산정!EG54 -> 3.6833333
C56: 영평소 | E56: =MNF산정!EG55 -> #DIV/0!
B57: 아라배(중) | C57: 아라2지구배유출 | D57: 5450 | E57: =MNF산정!EG56 -> 176.26667
C58: 아라2지구배신설유출 | D58: 5594 | E58: =MNF산정!EG57 -> 176.05193
B59: 관음사(중) | C59: 관음사배유출 | D59: 267 | E59: =MNF산정!EG58 -> 6.5966666
C60: 관음사배신설유출 | D60: 266 | E60: =MNF산정!EG59 -> 6.6547583
B61: 월평(중) | C61: 월평소배유출 | D61: 903 | E61: =MNF산정!EG60 -> 29.366667
B62: 월평지선(중) | C62: 월평지선배유출 | D62: 307 | E62: =MNF산정!EG61 -> 10.05
C63: 월평지선배신설유출 | D63: 314 | E63: =MNF산정!EG62 -> 10.963275
C64: 중소블록 | E64: =MNF산정!EG63 -> #DIV/0!
B65: 고다시(중) | C65: 고다시중합 | D65: =SUM(D66:D67) -> 599 | E65: =MNF산정!EG64 -> 10.366667
C66: 고다시배유출 | D66: 599 | E66: =MNF산정!EG65 -> 10.366667
C67: 제대직송유수암 | D67: 0 | E67: =MNF산정!EG66 -> 0
B68: 어승생1(중) | C68: 어승생1 | E68: =MNF산정!EG67 -> #DIV/0!
A69: 삼양 (대) | B69: 도련취수 | C69: 도련취수원 합 | D69: =SUM(D70:D71) -> 2878 | E69: =MNF산정!EG68 -> 120.48
C70: 도련1취수 | D70: 1846 | E70: =MNF산정!EG69 -> 72.266667
C71: 도련2취수 | D71: 1032 | E71: =MNF산정!EG70 -> 48.151667
B72: 도련(중) | C72: 주공배유출 | D72: 14676 | E72: =MNF산정!EG71 -> 262.36667
C73: 도련1 | D73: 3732 | E73: =MNF산정!EG72 -> 66.080383
C74: 도련2 | D74: 3095 | E74: =MNF산정!EG73 -> 24.101983
C75: 도련3 | D75: 3926 | E75: =MNF산정!EG74 -> 40.656465
C76: 도련4 | D76: 1579 | E76: =MNF산정!EG75 -> 33.601083
B77: 명도암(중) | C77: 명도암배유출 | D77: 1715 | E77: =MNF산정!EG76 -> 68.996667
B78: 봉개(중) | C78: 봉개배유출 | D78: 249 | E78: =MNF산정!EG77 -> 5.7833334
B79: 용강(중) | C79: 용강배유출 | D79: 353 | E79: =MNF산정!EG78 -> 13.563333
B80: 절물1(중) | C80: 절물배명도암 | D80: 758 | E80: =MNF산정!EG79 -> 28.283333
C81: 절물1 | D81: 122 | E81: =MNF산정!EG80 -> 0.014105708
B82: 절물2(중) | C82: 절물배노루생 | D82: 126 | E82: =MNF산정!EG81 -> 0.11666667
C83: 절물2 | D83: 756 | E83: =MNF산정!EG82 -> 29.17151
B84: 어승생2(중) | C84: 어승생2 | E84: =MNF산정!EG83 -> #DIV/0!
A85: 신제주 (대) | B85: 민오름(중) | C85: 합동청사 | D85: 10650 | E85: =MNF산정!EG84 -> 332.46125
C86: 민오름1 | D86: 1664 | E86: =MNF산정!EG85 -> 29.284591
C87: 민오름5 | D87: 862 | E87: =MNF산정!EG86 -> 16.682582
C88: 동부도남유출 | D88: 0 | E88: =MNF산정!EG87 -> 35.338192
C89: 동부오라유출 | D89: 7297 | E89: =MNF산정!EG88 -> 271.51519
C90: 민오름신제주 | D90: 3720 | E90: =MNF산정!EG89 -> 77.17188
C91: 민오름2 | D91: 1816 | E91: =MNF산정!EG90 -> 32.778271
C92: 민오름3 | D92: 2065 | E92: =MNF산정!EG91 -> 47.314434
B93: 연미마을 | C93: 민오름4 | D93: 1315 | E93: =MNF산정!EG92 -> 24.062316
B94: 염통(중) | C94: 염통구배유출 | D94: 7147 | E94: =MNF산정!EG93 -> 164.21879
C95: 염통6 | D95: 2701 | E95: =MNF산정!EG94 -> 52.66615
C96: 염통7 | D96: 1898 | E96: =MNF산정!EG95 -> 49.302288
C97: 염통8 | D97: 2472 | E97: =MNF산정!EG96 -> 55.324315
C98: 염통신배유출 | D98: 0 | E98: =MNF산정!EG97 -> 0
C99: 염통1 | D99: 2229 | E99: =MNF산정!EG98 -> 48.088501
C100: 염통2 | D100: 532 | E100: =MNF산정!EG99 -> 7.9165303
C101: 염통3 | D101: 2359 | E101: =MNF산정!EG100 -> 29.92926
C102: 염통4 | D102: 4195 | E102: =MNF산정!EG101 -> 39.337096
C103: 염통5 | D103: 2803 | E103: =MNF산정!EG102 -> 52.239985
B104: 계명동 | C104: 외도배유출 | D104: 378 | E104: =MNF산정!EG103 -> 3.1333333
...

Sheet MNF산정
A1: 중앙(대) | BN1: 삼양 대블록 | CD1: 신제주 대블록
A2: 별도봉(중) | H2: 사라봉1(중) | O2: 사라봉2(중) | R2: 사라봉3(중) | T2: 사라봉4(중) | V2: 영평1(중) | AN2: 아라가(중) | AR2: 산천단1(중) | AV2: 산천단2(중) | AX2: 영평2(중) | AZ2: 영평소(중) | BB2: 아라배(중) | BD2: 관음사(중) | BF2: 월평(중) | BG2: 월평지선(중) | BJ2: 고다시(중) | BM2: 어승생1(중) | BN2: 도련취수원 | BQ2: 도련(중) | BV2: 명도암(중) | BW2: 봉개(중) | BX2: 용강(중) | BY2: 절물1(중) | CA2: 절물2(중) | CC2: 어승생2(중) | CD2: 민오름(중) | CM2: 염통(중) | CW2: 월산(중) | DJ2: 오라중 | DP2: 사라마을 | DR2: 정실4(중) | DT2: 정실6(중) | DX2: 해안마을 | DZ2: 해안지선
A3: =IFERROR(DATEVALUE(SUBSTITUTE(SUBSTITUTE(SUBSTITUTE(SUBSTITUTE(LEFT(운영일보!D1,9),"년","-"),"월","-"),"일",""),".","-")),운영일보!D1) +1 -> 46020 | B3: 별도봉(배)유출 | C3: 별도봉1 | D3: 별도봉2 | E3: 별도봉3 | F3: 별도봉4 | G3: 별도봉5 | H3: 건입 저지대2 | I3: 건입 저지대 | J3: 사라봉1 | K3: 사라봉2 | L3: 사라봉3 | M3: 사라봉4 | N3: 사라봉5 | O3: 건입 고지대 | P3: 건입 고지대2 | Q3: 사라봉6 | R3: 영락교회유출 | S3: 사라봉7 | T3: 공원 유출 | U3: 사라봉8 | V3: 영평(배) 유출 | W3: 영평1 | X3: 영평2 | Y3: 영평3 | Z3: 영평4 | AA3: 영평5 | AB3: 영평6 | AC3: 영평7 | AD3: 영평8 | AE3: 영평9 | AF3: 영평10 | AG3: 영평11 | AH3: 영평12 | AI3: 영평13 | AJ3: 영평14 | AK3: 영평16 | AL3: 영평17 | AM3: 영평18 | AN3: 아라가(배) 유출 | AO3: 아라가1,2 유입 | AP3: 아라가1 | AQ3: 아라가2 | AR3: 산천단 법원 유출 | AS3: 산천단1 (#1) | AT3: 산천단 제대 유출 | AU3: 산천단1 (#2) | AV3: 산천단 첨단 유출 | AW3: 산천단2 | AX3: 황세앗 유출 | AY3: 영평15 | AZ3: 영평소 (배)유출 | BA3: 영평소 | BB3: 아라2지구 구남유출 | BC3: 아라2지구 | BD3: 관음사 | BE3: 관음사 | BF3: 월평(소) | BG3: 월평지선 | BH3: 월평지선(신규) | BI3: 중소블록 | BJ3: 합 | BK3: 고다시 직송 | BL3: 제대직송 (유수암) | BM3: 어승생1 | BN3: 취수합 | BO3: 도련1호 | BP3: 도련2호 | BQ3: 도련(정) 유출 | BR3: 도련1 | BS3: 도련2 | BT3: 도련3 | BU3: 도련4 | BV3: 명도암(배) 유출 | BW3: 봉개(배) 유출 | BX3: 용강(배) 유출 | BY3: 명도암 | BZ3: 절물01 | CA3: 노루생태 공원 | CB3: 절물02 | CC3: 어승생2 | CD3: 민오름 (합동청사) | CE3: 민오름1 | CF3: 민오름5 | CG3: 동부도남 유출 | CH3: 동부오라 유출 | CI3: 신제주 | CJ3: 민오름2 | CK3: 민오름3 | CL3: 민오름04 (연미마을) | CM3: 염통구(배) 유출 | CN3: 염통6 | CO3: 염통7 | CP3: 염통8 | CQ3: 염통신(배) 유출 | CR3: 염통1 | CS3: 염통2 | CT3: 염통3 | CU3: 염통4 | CV3: 염통5 | CW3: 외도배 계명동 유출 | CX3: 월산신(배) 광평유출 | CY3: 월산1 | CZ3: 월산2 | DA3: 월산3 | DB3: 월산4 | DC3: 월산5 | DD3: 월산구(배) 시내유출 | DE3: 월산신배시내유출 | DF3: 월산6 | DG3: 월산7 | DH3: 월산8 | DI3: 월산9 | DJ3: 오라(배) 유출 | DK3: 오라 유입 | DL3: 오라1 | DM3: 오라2 | DN3: 오라3 | DO3: 오라4 | DP3: 사라마을 | DR3: 정실4취수 | DS3: 정실4 | DT3: 정실6취수 | DV3: 노형조절지 2유출 | DW3: 드림타워 | DX3: 해안동배유출 | DZ3: 해안동 | EA3: 축산마을 | EB3: F534 (관정) | EC3: F535 (관정) | ED3: 월산배통합유출 | EE3: 계측값 순간 최소값 | EF3: 최소값 3~8번째 평균 | EG3: MNF
A4: =A3 + TIME(,,) -> 46020 | B4: 327 | C4: 55.191002 | D4: 106.424 | E4: 24.429001 | F4: 1.9413044 | G4: 24.089001 | H4: 385 | I4: 350 | J4: 82.334 | K4: 65.55899 | L4: 53.014 | M4: 16.285999 | N4: 17.113001 | O4: 21 | P4: 0 | Q4: 21.818468 | R4: 31.003124 | S4: 33.283222 | T4: 9 | U4: 9 | V4: 1272 | W4: 46.675468 | X4: 40.601002 | Y4: 10.051 | Z4: 0 | AA4: 31.893 | AB4: 0 | AC4: 70.456818 | AD4: 6.3610001 | AE4: 2.1411426 | AF4: 99.829971 | AG4: 0 | AH4: 92.86142 | AI4: 22.646999 | AJ4: 44.001358 | AK4: 54.099869 | AL4: 63.087002 | AM4: 60.181 | AN4: 180.25 | AO4: 99 | AP4: 95.580605 | AQ4: 64.275604 | AR4: 136 | AT4: 117 | AV4: 91 | AX4: 38 | AY4: 41.200798 | AZ4: 31 | BB4: 206 | BC4: 212.7868 | BD4: 7.5999999 | BE4: 7.6386127 | BF4: 31 | BG4: 12 | BH4: 12.700912 | BJ4: =SUM(BK4:BL4) -> 20 | BK4: 20 | BL4: 0 | BN4: =SUM(BO4:BP4) -> 124 | BO4: 75 | BP4: 49 | BQ4: 360 | BR4: 111.74 | BS4: 27.990999 | BT4: 52.299999 | BU4: 51.974998 | BV4: 69 | BW4: 7.5 | BX4: 13.8 | BY4: 28 | BZ4: 0.013609146 | CA4: 0 | CB4: 30.095642 | CD4: 454.37875 | CE4: 90.923386 | CF4: 36.917484 | CG4: 35.338192 | CH4: 303.94885 | CI4: 124.39034 | CJ4: 61.583721 | CK4: 68.904427 | CL4: 53.65596 | CM4: 346.15985 | CN4: 111.31422 | CO4: 103.29364 | CP4: 129.72234 | CQ4: 0 | CR4: 76.439835 | CS4: 17.765982 | CT4: 63.238724 | CU4: 289.61368 | CV4: 120.16051 | CW4: 7 | CX4: 515 | CY4: 241.77457 | CZ4: 68.469238 | DA4: 30.117266 | DB4: 50.320038 | DC4: 100.72842 | DD4: 182 | DE4: 193 | DF4: 142.72212 | DG4: 120.2774 | DH4: 92.627182 | DI4: 50.569054 | DJ4: 263 | DK4: 157.261 | DL4: 34.720001 | DM4: 65.384003 | DN4: 56.902 | DO4: 117.59358 | DP4: 17.586 | DR4: 67 | DS4: 53.700001 | DT4: 13 | DV4: 175 | DW4: 165.26762 | DX4: 12 | DZ4: 55 | EA4: 3 | EB4: 0 | EC4: 1 | ED4: 380.10001 | EE4: {=TRANSPOSE(B364:ED364)} -> 205 | EF4: {=TRANSPOSE(B366:ED366)} -> 206.33333 | EG4: {=TRANSPOSE(B440:ED440)} -> 210.76667 | EH4: 별도봉배유출
A5: =A4 + TIME(,1,) -> 46020.001 | B5: 327 | C5: 57.566002 | D5: 107.781 | E5: 24.768 | F5: 5.8796902 | G5: 24.881001 | H5: 382 | I5: 347 | J5: 79.507004 | K5: 67.272842 | L5: 52.484001 | M5: 17.077 | N5: 17.558001 | O5: 20 | P5: 0 | Q5: 22.921381 | R5: 31.003124 | S5: 33.136654 | T5: 9 | U5: 9 | V5: 1260 | W5: 46.411533 | X5: 40.487999 | Y5: 10.115 | Z5: 0 | AA5: 33.476002 | AB5: 0 | AC5: 71.00988 | AD5: 6.3610001 | AE5: 1.5827018 | AF5: 99.760643 | AG5: 0 | AH5: 90.826431 | AI5: 23.538 | AJ5: 42.612644 | AK5: 54.129055 | AL5: 61.143002 | AM5: 61.071999 | AN5: 177.6875 | AO5: 99 | AP5: 95.498978 | AQ5: 62.692444 | AR5: 136 | AT5: 117 | AV5: 97 | AX5: 38 | AY5: 40.946186 | AZ5: 30 | BB5: 204 | BC5: 209.63387 | BD5: 7.5999999 | BE5: 7.6342926 | BF5: 31 | BG5: 12 | BH5: 13.100147 | BJ5: =SUM(BK5:BL5) -> 20 | BK5: 20 | BL5: 0 | BN5: =SUM(BO5:BP5) -> 125 | BO5: 76 | BP5: 49 | BQ5: 374 | BR5: 119.204 | BS5: 29.009001 | BT5: 60.265999 | BU5: 54.391998 | BV5: 69.300003 | BW5: 7.5 | BX5: 13.7 | BY5: 28 | BZ5: 0.013483216 | CA5: 0 | CB5: 30.136156 | CD5: 456.51697 | CE5: 90.489731 | CF5: 36.394482 | CG5: 35.338192 | CH5: 303.48041 | CI5: 124.01706 | CJ5: 59.62529 | CK5: 69.292671 | CL5: 53.032066 | CM5: 346.19418 | CN5: 113.16154 | CO5: 103.29364 | CP5: 126.55125 | CQ5: 0 | CR5: 72.828316 | CS5: 16.38763 | CT5: 62.45002 | CU5: 282.7709 | CV5: 119.77897 | CW5: 4 | CX5: 511 | CY5: 239.13156 | CZ5: 69.523865 | DA5: 29.711782 | DB5: 49.101257 | DC5: 97.936836 | DD5: 170 | DE5: 193 | DF5: 140.79503 | DG5: 119.96899 | DH5: 94.241486 | DI5: 48.154118 | DJ5: 260 | DK5: 154.20799 | DL5: 32.910999 | DM5: 63.617001 | DN5: 55.841 | DO5: 117.62468 | DP5: 17.388 | DR5: 67 | DS5: 53.799999 | DT5: 14 | DV5: 172 | DW5: 165.59506 | DX5: 12 | DZ5: 55 | EA5: 3 | EB5: 0 | EC5: 1 | ED5: 381 | EE5: 43.09 | EF5: 44.880333 | EG5: 48.5541 | EH5: 별도봉1
A6: =A5 + TIME(,1,) -> 46020.001 | B6: 331 | C6: 57.452999 | D6: 106.424 | E6: 23.863001 | F6: 5.5840168 | G6: 23.863001 | H6: 380 | I6: 344 | J6: 77.471001 | K6: 66.979111 | L6: 54.958 | M6: 16.964001 | N6: 17.493999 | O6: 20 | P6: 0 | Q6: 21.18894 | R6: 31.003124 | S6: 31.832058 | T6: 9 | U6: 9 | V6: 1262 | W6: 44.760006 | X6: 40.941002 | Y6: 11.005 | Z6: 0 | AA6: 35.737999 | AB6: 0 | AC6: 70.867462 | AD6: 6.1069999 | AE6: 1.6193759 | AF6: 102.10349 | AG6: 0 | AH6: 90.595047 | AI6: 24.556 | AJ6: 43.203133 | AK6: 52.356297 | AL6: 61.849998 | AM6: 60.436001 | AN6: 183.8125 | AO6: 101 | AP6: 94.795807 | AQ6: 64.939125 | AR6: 138 | AT6: 117 | AV6: 96 | AX6: 41 | AY6: 42.143414 | AZ6: 30 | BB6: 208 | BC6: 214.97639 | BD6: 7.5999999 | BE6: 7.6159019 | BF6: 31 | BG6: 13 | BH6: 13.322619 | BJ6: =SUM(BK6:BL6) -> 21 | BK6: 21 | BL6: 0 | BN6: =SUM(BO6:BP6) -> 124.2 | BO6: 75 | BP6: 49.200001 | BQ6: 365 | BR6: 118.752 | BS6: 31.808001 | BT6: 60.265999 | BU6: 54.838001 | BV6: 68.400002 | BW6: 7.5999999 | BX6: 13.7 | BY6: 29 | BZ6: 0.014215666 | CA6: 0 | CB6: 30.11495 | CD6: 425.09781 | CE6: 59.075359 | CF6: 37.035278 | CG6: 35.338192 | CH6: 303.66956 | CI6: 125.56074 | CJ6: 59.956425 | CK6: 69.747986 | CL6: 51.395817 | CM6: 350.14957 | CN6: 112.92941 | CO6: 105.12988 | CP6: 129.35239 | CQ6: 0 | CR6: 72.279976 | CS6: 15.467538 | CT6: 58.079601 | CU6: 283.96848 | CV6: 122.38766 | CW6: 7 | CX6: 507 | CY6: 245.25677 | CZ6: 68.824104 | DA6: 30.789299 | DB6: 50.387745 | DC6: 98.462128 | DD6: 181 | DE6: 195 | DF6: 141.54713 | DG6: 119.84387 | DH6: 93.376816 | DI6: 48.076981 | DJ6: 265 | DK6: 163.114 | DL6: 32.910999 | DM6: 65.029999 | DN6: 58.139 | DO6: 118.28616 | DP6: 18.039 | DR6: 67 | DS6: 53.099998 | DT6: 13 | DV6: 176 | DW6: 165.90367 | DX6: 15 | DZ6: 54 | EA6: 3 | EB6: 0 | EC6: 1 | ED6: 380.10001 | EE6: 94.662003 | EF6: 95.019833 | EG6: 95.87025 | EH6: 별도봉2
A7: =A6 + TIME(,1,) -> 46020.002 | B7: 330 | C7: 57.566002 | D7: 105.632 | E7: 21.714001 | F7: 5.3506393 | G7: 24.429001 | H7: 381 | I7: 346 | J7: 77.471001 | K7: 66.30526 | L7: 55.133999 | M7: 15.946 | N7: 17.24 | O7: 19 | P7: 0 | Q7: 19.724405 | R7: 31.003124 | S7: 31.832058 | T7: 9 | U7: 9 | V7: 1273 | W7: 45.383816 | X7: 41.054001 | Y7: 12.596 | Z7: 0 | AA7: 36.756001 | AB7: 0 | AC7: 70.557152 | AD7: 6.1069999 | AE7: 1.7606207 | AF7: 101.36311 | AG7: 0 | AH7: 89.295502 | AI7: 24.492001 | AJ7: 43.738506 | AK7: 53.627823 | AL7: 64.147003 | AM7: 63.617001 | AN7: 180.25 | AO7: 103 | AP7: 95.817039 | AQ7: 64.914795 | AR7: 137 | AT7: 118 | AV7: 97 | AX7: 41 | AY7: 42.143414 | AZ7: 30 | BB7: 208 | BC7: 214.14268 | BD7: 7.5 | BE7: 7.5945039 | BF7: 31 | BG7: 13 | BH7: 13.339046 | BJ7: =SUM(BK7:BL7) -> 21 | BK7: 21 | BL7: 0 | BN7: =SUM(BO7:BP7) -> 126 | BO7: 77 | BP7: 49 | BQ7: 363 | BR7: 121.918 | BS7: 31.045 | BT7: 54.723999 | BU7: 53.82 | BV7: 69.300003 | BW7: 7.5999999 | BX7: 13.7 | BY7: 29 | BZ7: 0.015724344 | CA7: 0 | CB7: 29.86635 | CD7: 427.65228 | CE7: 58.855537 | CF7: 36.792671 | CG7: 35.338192 | CH7: 304.45731 | CI7: 127.15598 | CJ7: 62.42218 | CK7: 70.219994 | CL7: 51.577309 | CM7: 356.10175 | CN7: 118.33569 | CO7: 103.10715 | CP7: 130.55673 | CQ7: 0 | CR7: 73.994835 | CS7: 16.588621 | CT7: 61.459347 | CU7: 283.51529 | CV7: 123.79505 | CW7: 8 | CX7: 509 | CY7: 241.22997 | CZ7: 68.814049 | DA7: 30.666435 | DB7: 49.08569 | DC7: 99.626282 | DD7: 180 | DE7: 194 | DF7: 144.58269 | DG7: 116.345 | DH7: 93.005272 | DI7: 48.076054 | DJ7: 264 | DK7: 156.752 | DL7: 30.535999 | DM7: 64.147003 | DN7: 59.199001 | DO7: 121.00259 | DP7: 18.039 | DR7: 67 | DS7: 53.799999 | DT7: 13 | DV7: 176 | DW7: 165.62209 | DX7: 12 | DZ7: 55 | EA7: 3 | EB7: 0 | EC7: 1 | ED7: 374.29999 | EE7: 12.553 | EF7: 14.494833 | EG7: 16.803867 | EH7: 별도봉3
A8: =A7 + TIME(,1,) -> 46020.003 | B8: 330 | C8: 58.244999 | D8: 107.555 | E8: 22.052999 | F8: 12.263926 | G8: 23.410999 | H8: 382 | I8: 337 | J8: 79.733002 | K8: 63.789478 | L8: 53.543999 | M8: 17.077 | N8: 16.731001 | O8: 21 | P8: 0 | Q8: 21.860464 | R8: 31.003124 | S8: 32.121559 | T8: 9 | U8: 9 | V8: 1260 | W8: 42.250793 | X8: 42.298 | Y8: 12.023 | Z8: 0 | AA8: 34.493999 | AB8: 0 | AC8: 69.046646 | AD8: 5.8520002 | AE8: 1.8334569 | AF8: 101.61529 | AG8: 0 | AH8: 90.828827 | AI8: 19.975 | AJ8: 42.064011 | AK8: 55.658428 | AL8: 64.323997 | AM8: 62.408001 | AN8: 177.0625 | AO8: 96 | AP8: 94.633484 | AQ8: 60.956287 | AR8: 137 | AT8: 117 | AV8: 88 | AX8: 38 | AY8: 40.492413 | AZ8: 30 | BB8: 206 | BC8: 213.45374 | BD8: 7.5 | BE8: 7.5856075 | BF8: 31 | BG8: 13 | BH8: 13.486877 | BJ8: =SUM(BK8:BL8) -> 21 | BK8: 21 | BL8: 0 | BN8: =SUM(BO8:BP8) -> 125 | BO8: 76 | BP8: 49 | BQ8: 362 | BR8: 119.656 | BS8: 29.009001 | BT8: 57.494999 | BU8: 52.547001 | BV8: 69.900002 | BW8: 7.6999998 | BX8: 13.7 | BY8: 29 | BZ8: 0.013812804 | CA8: 1 | CB8: 29.513769 | CD8: 424.52277 | CE8: 59.408321 | CF8: 37.090515 | CG8: 35.338192 | CH8: 304.8313 | CI8: 128.06587 | CJ8: 63.491489 | CK8: 67.892014 | CL8: 52.020775 | CM8: 358.25623 | CN8: 120.2732 | CO8: 103.76763 | CP8: 125.39114 | CQ8: 0 | CR8: 73.429665 | CS8: 14.822356 | CT8: 60.383862 | CU8: 282.55191 | CV8: 122.87729 | CW8: 3 | CX8: 510 | CY8: 243.3204 | CZ8: 71.414879 | DA8: 31.445829 | DB8: 53.661598 | DC8: 96.888046 | DD8: 162 | DE8: 193 | DF8: 143.03088 | DG8: 116.73394 | DH8: 93.120033 | DI8: 48.347523 | DJ8: 266 | DK8: 158.27901 | DL8: 31.780001 | DM8: 65.914001 | DN8: 58.668999 | DO8: 121.7524 | DP8: 17.728001 | DR8: 67 | DS8: 53.5 | DT8: 13 | DV8: 174 | DW8: 166.20468 | DX8: 13 | DZ8: 55 | EA8: 3 | EB8: 0 | EC8: 1 | ED8: 373.39999 | EE8: 0 | EF8: 0 | EG8: 1.9974912 | EH8: 별도봉4
A9: =A8 + TIME(,1,) -> 46020.003 | B9: 321 | C9: 59.827999 | D9: 103.823 | E9: 21.827 | F9: 11.437412 | G9: 22.958 | H9: 379 | I9: 346 | J9: 79.280998 | K9: 63.734745 | L9: 50.540001 | M9: 16.399 | N9: 17.621 | O9: 21 | P9: 0 | Q9: 21.810488 | R9: 30 | S9: 31.401232 | T9: 9 | U9: 9 | V9: 1280 | W9: 40.179852 | X9: 42.976002 | Y9: 11.578 | Z9: 0 | AA9: 37.435001 | AB9: 0 | AC9: 69.292038 | AD9: 5.8520002 | AE9: 1.6132298 | AF9: 101.16129 | AG9: 0 | AH9: 97.176323 | AI9: 21.311001 | AJ9: 47.502251 | AK9: 57.15398 | AL9: 61.673 | AM9: 62.661999 | AN9: 170.875 | AO9: 95 | AP9: 91.879913 | AQ9: 58.817734 | AR9: 137 | AT9: 118 | AV9: 90 | AX9: 38 | AY9: 40.148674 | AZ9: 30 | BB9: 208 | BC9: 213.10622 | BD9: 7.5 | BE9: 7.5745578 | BF9: 31 | BG9: 13 | BH9: 13.339968 | BJ9: =SUM(BK9:BL9) -> 20 | BK9: 20 | BL9: 0 | BN9: =SUM(BO9:BP9) -> 124 | BO9: 75 | BP9: 49 | BQ9: 361 | BR9: 112.871 | BS9: 28.246 | BT9: 56.803001 | BU9: 53.056 | BV9: 69.099998 | BW9: 7.5 | BX9: 13.7 | BY9: 29 | BZ9: 0.0134319 | CA9: 0 | CB9: 29.513769 | CD9: 424.62515 | CE9: 60.631878 | CF9: 36.109543 | CG9: 35.338192 | CH9: 304.02203 | CI9: 127.34636 | CJ9: 62.950378 | CK9: 67.673615 | CL9: 52.676758 | CM9: 393.0274 | CN9: 161.84087 | CO9: 103.21259 | CP9: 126.18707 | CQ9: 0 | CR9: 72.493851 | CS9: 15.524586 | CT9: 57.203693 | CU9: 288.45197 | CV9: 120.71945 | CW9: 3 | CX9: 507 | CY9: 240.05615 | CZ9: 71.187126 | DA9: 29.70717 | DB9: 51.24548 | DC9: 96.888046 | DD9: 161 | DE9: 194 | DF9: 137.04555 | DG9: 114.96453 | DH9: 92.911255 | DI9: 48.785744 | DJ9: 263 | DK9: 154.97099 | DL9: 31.780001 | DM9: 63.617001 | DN9: 57.431999 | DO9: 121.62639 | DP9: 17.896999 | DR9: 67 | DS9: 52.700001 | DT9: 13 | DV9: 174 | DW9: 164.75746 | DX9: 13 | DZ9: 56 | EA9: 3 | EB9: 0 | EC9: 1 | ED9: 368 | EE9: 15.607 | EF9: 15.814167 | EG9: 16.758617 | EH9: 별도봉5
A10: =A9 + TIME(,1,) -> 46020.004 | B10: 321 | C10: 60.733002 | D10: 103.37 | E10: 24.881001 | F10: 5.7513156 | G10: 24.089001 | H10: 368 | I10: 331 | J10: 76.905998 | K10: 64.950317 | L10: 52.837002 | M10: 15.494 | N10: 16.031 | O10: 24 | P10: 0 | Q10: 24.789429 | R10: 30 | S10: 30.683126 | T10: 9 | U10: 9 | V10: 1270 | W10: 41.168247 | X10: 41.279999 | Y10: 11.133 | Z10: 0 | AA10: 32.458 | AB10: 0 | AC10: 70.701866 | AD10: 5.8520002 | AE10: 1.3725766 | AF10: 98.42366 | AG10: 0 | AH10: 99.78611 | AI10: 23.92 | AJ10: 44.108494 | AK10: 55.607811 | AL10: 63.792999 | AM10: 61.453999 | AN10: 170.875 | AO10: 96 | AP10: 92.685463 | AQ10: 62.307007 | AR10: 137 | AT10: 119 | AV10: 90 | AX10: 38 | AY10: 40.148674 | AZ10: 29 | BB10: 211 | BC10: 216.78099 | BD10: 7.5 | BE10: 7.5768986 | BF10: 31 | BG10: 13 | BH10: 13.347232 | BJ10: =SUM(BK10:BL10) -> 20 | BK10: 20 | BL10: 0 | BN10: =SUM(BO10:BP10) -> 125 | BO10: 76 | BP10: 49 | BQ10: 351 | BR10: 111.853 | BS10: 29.518 | BT10: 53.685001 | BU10: 52.419998 | BV10: 68.400002 | BW10: 7.5 | BX10: 13.9 | BY10: 28 | BZ10: 0.0134319 | CA10: 1 | CB10: 29.329826 | CD10: 420.99808 | CE10: 59.721844 | CF10: 34.574623 | CG10: 35.338192 | CH10: 304.04153 | CI10: 127.39327 | CJ10: 65.427933 | CK10: 67.892746 | CL10: 52.22855 | CM10: 406.91769 | CN10: 169.10246 | CO10: 104.16585 | CP10: 129.98943 | CQ10: 0 | CR10: 74.385391 | CS10: 14.609812 | CT10: 64.102631 | CU10: 288.98605 | CV10: 122.4894 | CW10: 3 | CX10: 507 | CY10: 239.44365 | CZ10: 70.504898 | DA10: 32.220268 | DB10: 51.900852 | DC10: 99.340919 | DD10: 171 | DE10: 192 | DF10: 138.92027 | DG10: 114.64311 | DH10: 92.662636 | DI10: 51.41016 | DJ10: 270 | DK10: 163.114 | DL10: 34.154999 | DM10: 70.154999 | DN10: 56.370998 | DO10: 118.00307 | DP10: 17.388 | DR10: 67 | DS10: 52.799999 | DT10: 14 | DV10: 174 | DW10: 164.47968 | DX10: 13 | DZ10: 54 | EA10: 3 | EB10: 0 | EC10: 1 | ED10: 373.89999 | EE10: 297 | EF10: 299.5 | EG10: 304.58333 | EH10: 건입저지대2
A11: =A10 + TIME(,1,) -> 46020.005 | B11: 332 | C11: 58.923 | D11: 104.049 | E11: 24.655001 | F11: 14.963305 | G11: 25.333 | H11: 360 | I11: 325 | J11: 78.037003 | K11: 65.589867 | L11: 51.599998 | M11: 15.268 | N11: 17.113001 | O11: 23 | P11: 0 | Q11: 23.958628 | R11: 28.003124 | S11: 30.683126 | T11: 9 | U11: 9 | V11: 1248 | W11: 41.847122 | X11: 41.618999 | Y11: 10.496 | Z11: 0 | AA11: 32.571999 | AB11: 0 | AC11: 66.565399 | AD11: 6.1069999 | AE11: 1.327227 | AF11: 95.642075 | AG11: 0 | AH11: 95.377983 | AI11: 24.047001 | AJ11: 44.159409 | AK11: 55.267872 | AL11: 62.733002 | AM11: 59.926998 | AN11: 172.3125 | AO11: 95 | AP11: 91.843727 | AQ11: 60.080677 | AR11: 135 | AT11: 119 | AV11: 89 | AX11: 37 | AY11: 39.941162 | AZ11: 29 | BB11: 209 | BC11: 216.11952 | BD11: 7.6999998 | BE11: 7.8914075 | BF11: 31 | BG11: 13 | BH11: 13.598321 | BJ11: =SUM(BK11:BL11) -> 21 | BK11: 21 | BL11: 0 | BN11: =SUM(BO11:BP11) -> 125 | BO11: 76 | BP11: 49 | BQ11: 357 | BR11: 114.002 | BS11: 28.5 | BT11: 57.148998 | BU11: 51.720001 | BV11: 69.300003 | BW11: 7.5 | BX11: 14.1 | BY11: 27 | BZ11: 0.014128822 | CA11: 0 | CB11: 29.375889 | CD11: 425.3497 | CE11: 60.641777 | CF11: 34.574623 | CG11: 35.338192 | CH11: 303.6593 | CI11: 128.29709 | CJ11: 64.125549 | CK11: 69.38018 | CL11: 52.624302 | CM11: 407.04749 | CN11: 167.79761 | CO11: 104.11352 | CP11: 131.11404 | CQ11: 0 | CR11: 74.686455 | CS11: 14.369219 | CT11: 62.098324 | CU11: 292.1712 | CV11: 120.6958 | CW11: 4 | CX11: 512 | CY11: 235.48888 | CZ11: 66.72364 | DA11: 33.645782 | DB11: 52.439579 | DC11: 101.14481 | DD11: 157 | DE11: 193 | DF11: 140.59552 | DG11: 116.87066 | DH11: 92.992584 | DI11: 49.803177 | DJ11: 265 | DK11: 157.51601 | DL11: 35.060001 | DM11: 68.210999 | DN11: 56.902 | DO11: 117.64662 | DP11: 18.01 | DR11: 67 | DS11: 53.400002 | DT11: 14 | DV11: 174 | DW11: 164.69023 | DX11: 13 | DZ11: 54 | EA11: 3 | EB11: 0 | EC11: 1 | ED11: 374.60001 | EE11: 267 | EF11: 268 | EG11: 271.93333 | EH11: 건입저지대
A12: =A11 + TIME(,1,) -> 46020.006 | B12: 326 | C12: 61.185001 | D12: 103.936 | E12: 24.881001 | F12: 10.350936 | G12: 24.315001 | H12: 362 | I12: 330 | J12: 79.959 | K12: 64.741936 | L12: 51.423 | M12: 16.059 | N12: 16.604 | O12: 22 | P12: 0 | Q12: 22.34712 | R12: 28.996876 | S12: 31.612785 | T12: 9 | U12: 9 | V12: 1249 | W12: 40.427906 | X12: 41.618999 | Y12: 11.133 | Z12: 0 | AA12: 37.548 | AB12: 0 | AC12: 68.553589 | AD12: 5.8520002 | AE12: 0 | AF12: 97.076309 | AG12: 0 | AH12: 89.950867 | AI12: 26.209999 | AJ12: 44.573734 | AK12: 54.406334 | AL12: 63.087002 | AM12: 61.327 | AN12: 169.4375 | AO12: 94 | AP12: 91.389816 | AQ12: 58.544582 | AR12: 135 | AT12: 119 | AV12: 90 | AX12: 38 | AY12: 40.272961 | AZ12: 29 | BB12: 210 | BC12: 216.11952 | BD12: 7.5 | BE12: 7.5568614 | BF12: 31 | BG12: 13 | BH12: 13.298993 | BJ12: =SUM(BK12:BL12) -> 21 | BK12: 21 | BL12: 0 | BN12: =SUM(BO12:BP12) -> 125 | BO12: 76 | BP12: 49 | BQ12: 357 | BR12: 116.037 | BS12: 29.009001 | BT12: 55.764 | BU12: 52.674999 | BV12: 69.5 | BW12: 7.3000002 | BX12: 13.6 | BY12: 29 | BZ12: 0.015137713 | CA12: 0 | CB12: 29.662889 | CD12: 419.99454 | CE12: 61.044838 | CF12: 34.260357 | CG12: 35.338192 | CH12: 303.5477 | CI12: 121.41271 | CJ12: 61.89143 | CK12: 65.515106 | CL12: 52.657738 | CM12: 398.90045 | CN12: 162.12227 | CO12: 106.6011 | CP12: 126.80576 | CQ12: 0 | CR12: 78.407692 | CS12: 13.810763 | CT12: 60.948204 | CU12: 288.45599 | CV12: 121.03718 | CW12: 5 | CX12: 513 | CY12: 234.96375 | CZ12: 69.156593 | DA12: 33.180958 | DB12: 51.972725 | DC12: 100.68467 | DD12: 173 | DE12: 192 | DF12: 138.71048 | DG12: 116.08127 | DH12: 93.543076 | DI12: 49.843372 | DJ12: 259 | DK12: 153.19 | DL12: 34.946999 | DM12: 63.263 | DN12: 57.431999 | DO12: 120.76661 | DP12: 18.320999 | DR12: 67 | DS12: 55.900002 | DT12: 14 | DV12: 178 | DW12: 165.30469 | DX12: 14 | DZ12: 53 | EA12: 3 | EB12: 0 | EC12: 1 | ED12: 375.89999 | EE12: 56.209 | EF12: 57.980667 | EG12: 60.44625 | EH12: 사라봉1
A13: =A12 + TIME(,1,) -> 46020.006 | B13: 326 | C13: 57.904999 | D13: 105.859 | E13: 22.280001 | F13: 2.2414823 | G13: 23.184 | H13: 363 | I13: 328 | J13: 77.696999 | K13: 64.214134 | L13: 52.130001 | M13: 16.625 | N13: 18.066999 | O13: 20 | P13: 0 | Q13: 21.416756 | R13: 30 | S13: 31.624062 | T13: 9 | U13: 9 | V13: 1256 | W13: 39.085224 | X13: 42.298 | Y13: 10.624 | Z13: 0 | AA13: 36.417 | AB13: 0 | AC13: 69.752136 | AD13: 5.8520002 | AE13: 1.370573 | AF13: 98.762848 | AG13: 0 | AH13: 88.622253 | AI13: 26.846001 | AJ13: 41.056042 | AK13: 54.113976 | AL13: 60.436001 | AM13: 58.654999 | AN13: 174.4375 | AO13: 96 | AP13: 91.580162 | AQ13: 60.802307 | AR13: 99 | AT13: 115 | AV13: 96 | AX13: 36 | AY13: 38.364235 | AZ13: 30 | BB13: 207 | BC13: 212.29175 | BD13: 7.5 | BE13: 7.5568614 | BF13: 31 | BG13: 13 | BH13: 13.246702 | BJ13: =SUM(BK13:BL13) -> 21 | BK13: 21 | BL13: 0 | BN13: =SUM(BO13:BP13) -> 125.2 | BO13: 76 | BP13: 49.200001 | BQ13: 357 | BR13: 114.341 | BS13: 30.535999 | BT13: 56.110001 | BU13: 50.893002 | BV13: 68.699997 | BW13: 7.5 | BX13: 13.9 | BY13: 30 | BZ13: 0.01507114 | CA13: 0 | CB13: 30.236523 | CD13: 420.48929 | CE13: 61.994293 | CF13: 34.188934 | CG13: 35.338192 | CH13: 304.26901 | CI13: 121.33688 | CJ13: 64.033737 | CK13: 63.88028 | CL13: 52.718994 | CM13: 392.14319 | CN13: 160.30719 | CO13: 105.31651 | CP13: 123.9566 | CQ13: 0 | CR13: 77.632912 | CS13: 14.198801 | CT13: 57.481743 | CU13: 290.15942 | CV13: 123.14513 | CW13: 3 | CX13: 511 | CY13: 235.64226 | CZ13: 69.467346 | DA13: 33.007183 | DB13: 51.136791 | DC13: 100.94879 | DD13: 171 | DE13: 193 | DF13: 136.67502 | DG13: 114.46614 | DH13: 94.153488 | DI13: 50.985859 | DJ13: 264 | DK13: 153.19 | DL13: 34.946999 | DM13: 62.202999 | DN13: 57.431999 | DO13: 119.83234 | DP13: 18.236 | DR13: 67 | DS13: 54.299999 | DT13: 14 | DV13: 182 | DW13: 164.88484 | DX13: 12 | DZ13: 54 | EA13: 3 | EB13: 0 | EC13: 1 | ED13: 373 | EE13: 59.093945 | EF13: 59.487239 | EG13: 60.400438 | EH13: 사라봉2
A14: =A13 + TIME(,1,) -> 46020.007 | B14: 318 | C14: 56.435001 | D14: 104.501 | E14: 20.469999 | F14: 8.2730141 | G14: 23.636999 | H14: 358 | I14: 328 | J14: 78.263 | K14: 64.172523 | L14: 51.423 | M14: 16.172001 | N14: 16.349001 | O14: 21 | P14: 0 | Q14: 21.416756 | R14: 28.996876 | S14: 30.912724 | T14: 9 | U14: 9 | V14: 1255 | W14: 39.664909 | X14: 41.506001 | Y14: 11.514 | Z14: 0 | AA14: 34.833 | AB14: 0 | AC14: 70.133133 | AD14: 6.1069999 | AE14: 0 | AF14: 98.762848 | AG14: 0 | AH14: 90.468201 | AI14: 22.266001 | AJ14: 46.131699 | AK14: 56.07312 | AL14: 65.029999 | AM14: 58.654999 | AN14: 173.625 | AO14: 97 | AP14: 91.001228 | AQ14: 62.588943 | AR14: 93 | AT14: 115 | AV14: 97 | AX14: 36 | AY14: 39.80632 | AZ14: 30 | BB14: 206 | BC14: 212.08411 | BD14: 7.5 | BE14: 7.5499668 | BF14: 31 | BG14: 13 | BH14: 13.268639 | BJ14: =SUM(BK14:BL14) -> 20 | BK14: 20 | BL14: 0 | BN14: =SUM(BO14:BP14) -> 124 | BO14: 75 | BP14: 49 | BQ14: 355 | BR14: 110.383 | BS14: 30.790001 | BT14: 56.110001 | BU14: 51.210999 | BV14: 69.400002 | BW14: 7.5999999 | BX14: 13.6 | BY14: 29 | BZ14: 0.014636578 | CA14: 0 | CB14: 30.371624 | CD14: 425.01096 | CE14: 59.860863 | CF14: 34.865379 | CG14: 35.338192 | CH14: 303.96896 | CI14: 124.39966 | CJ14: 62.438313 | CK14: 67.224823 | CL14: 52.718994 | CM14: 392.14319 | CN14: 160.30719 | CO14: 106.18343 | CP14: 126.38774 | CQ14: 0 | CR14: 75.74369 | CS14: 14.779314 | CT14: 55.766014 | CU14: 290.11139 | CV14: 123.42736 | CW14: 3 | CX14: 509 | CY14: 238.31346 | CZ14: 70.23246 | DA14: 35.188873 | DB14: 49.18684 | DC14: 100.90751 | DD14: 159 | DE14: 191 | DF14: 137.28389 | DG14: 115.16729 | DH14: 92.059624 | DI14: 48.399841 | DJ14: 261 | DK14: 152.172 | DL14: 32.685001 | DM14: 62.202999 | DN14: 56.902 | DO14: 122.20478 | DP14: 17.671 | DR14: 67 | DS14: 55.200001 | DT14: 13 | DV14: 179 | DW14: 164.99092 | DX14: 12 | DZ14: 55 | EA14: 3 | EB14: 0 | EC14: 1 | ED14: 371 | EE14: 40.820999 | EF14: 41.910499 | EG14: 43.447734 | EH14: 사라봉3
A15: =A14 + TIME(,1,) -> 46020.008 | B15: 319 | C15: 54.398998 | D15: 104.501 | E15: 21.375 | F15: 5.0308638 | G15: 23.070999 | H15: 362 | I15: 327 | J15: 77.471001 | K15: 64.046379 | L15: 52.66 | M15: 16.511999 | N15: 17.367001 | O15: 21 | P15: 0 | Q15: 20.870188 | R15: 28.996876 | S15: 30.317102 | T15: 9 | U15: 9 | V15: 1244 | W15: 39.06728 | X15: 41.618999 | Y15: 11.069 | Z15: 0 | AA15: 35.964001 | AB15: 0 | AC15: 69.891815 | AD15: 6.1069999 | AE15: 0 | AF15: 98.777283 | AG15: 0 | AH15: 92.53299 | AI15: 24.047001 | AJ15: 44.611923 | AK15: 55.517445 | AL15: 62.733002 | AM15: 58.146 | AN15: 171.5625 | AO15: 95 | AP15: 91.63871 | AQ15: 59.732323 | AR15: 92 | AT15: 115 | AV15: 97 | AX15: 39 | AY15: 39.80632 | AZ15: 30 | BB15: 208 | BC15: 213.39624 | BD15: 7.5 | BE15: 7.53861 | BF15: 30 | BG15: 13 | BH15: 13.232292 | BJ15: =SUM(BK15:BL15) -> 20 | BK15: 20 | BL15: 0 | BN15: =SUM(BO15:BP15) -> 124 | BO15: 75 | BP15: 49 | BQ15: 352 | BR15: 110.722 | BS15: 32.317001 | BT15: 54.377998 | BU15: 52.419998 | BV15: 69.599998 | BW15: 7.5 | BX15: 13.8 | BY15: 30 | BZ15: 0.014893939 | CA15: 1 | CB15: 30.535364 | CD15: 425.03387 | CE15: 60.518856 | CF15: 34.899822 | CG15: 35.338192 | CH15: 303.70825 | CI15: 119.69819 | CJ15: 60.17432 | CK15: 66.060837 | CL15: 54.005825 | CM15: 386.35193 | CN15: 155.06874 | CO15: 104.17142 | CP15: 126.20232 | CQ15: 0 | CR15: 74.715088 | CS15: 13.938737 | CT15: 58.511089 | CU15: 291.08664 | CV15: 121.84751 | CW15: 4 | CX15: 505 | CY15: 236.67189 | CZ15: 67.669151 | DA15: 34.984074 | DB15: 46.571823 | DC15: 102.00808 | DD15: 166 | DE15: 191 | DF15: 138.82065 | DG15: 116.83268 | DH15: 91.247223 | DI15: 48.488289 | DJ15: 264 | DK15: 153.953 | DL15: 29.405001 | DM15: 62.733002 | DN15: 57.431999 | DO15: 123.86529 | DP15: 16.455 | DR15: 67 | DS15: 53.700001 | DT15: 13 | DV15: 179 | DW15: 165.54102 | DX15: 14 | DZ15: 55 | EA15: 3 | EB15: 0 | EC15: 1 | ED15: 369.5 | EE15: 10.97 | EF15: 11.309 | EG15: 11.833283 | EH15: 사라봉4
A16: =A15 + TIME(,1,) -> 46020.008 | B16: 319 | C16: 58.696999 | D16: 104.388 | E16: 19.565001 | F16: 5.0308638 | G16: 23.524 | H16: 364 | I16: 324 | J16: 77.584 | K16: 63.217766 | L16: 52.484001 | M16: 17.416 | N16: 16.667 | O16: 22 | P16: 0 | Q16: 21.427013 | R16: 30 | S16: 31.24642 | T16: 9 | U16: 9 | V16: 1246 | W16: 39.74482 | X16: 41.846001 | Y16: 10.687 | Z16: 0 | AA16: 35.512001 | AB16: 0 | AC16: 68.912254 | AD16: 6.1069999 | AE16: 0 | AF16: 100.48977 | AG16: 0 | AH16: 90.499008 | AI16: 24.809999 | AJ16: 40.388863 | AK16: 53.384731 | AL16: 60.436001 | AM16: 62.598999 | AN16: 173 | AO16: 95 | AP16: 90.188431 | AQ16: 60.22715 | AR16: 93 | AT16: 115 | AV16: 94 | AX16: 37 | AY16: 39.042645 | AZ16: 30 | BB16: 207 | BC16: 212.79041 | BD16: 7.5 | BE16: 7.5353889 | BF16: 30 | BG16: 13 | BH16: 13.139482 | BJ16: =SUM(BK16:BL16) -> 20 | BK16: 20 | BL16: 0 | BN16: =SUM(BO16:BP16) -> 125 | BO16: 76 | BP16: 49 | BQ16: 352 | BR16: 106.99 | BS16: 29.518 | BT16: 56.456001 | BU16: 50.893002 | BV16: 69.400002 | BW16: 7.3000002 | BX16: 13.9 | BY16: 30 | BZ16: 0.013830421 | CA16: 0 | CB16: 30.459751 | CD16: 422.64224 | CE16: 58.876827 | CF16: 34.787712 | CG16: 35.338192 | CH16: 303.10162 | CI16: 117.22688 | CJ16: 56.0532 | CK16: 66.672089 | CL16: 51.418678 | CM16: 387.02423 | CN16: 155.06874 | CO16: 103.42792 | CP16: 125.13323 | CQ16: 0 | CR16: 71.760666 | CS16: 16.834255 | CT16: 58.269657 | CU16: 292.13681 | CV16: 125.74982 | CW16: 5 | CX16: 505 | CY16: 234.54832 | CZ16: 67.710289 | DA16: 31.673512 | DB16: 49.846649 | DC16: 103.45866 | DD16: 165 | DE16: 191 | DF16: 138.51878 | DG16: 116.83268 | DH16: 76.351631 | DI16: 49.513901 | DJ16: 267 | DK16: 154.717 | DL16: 32.118999 | DM16: 66.444 | DN16: 57.785 | DO16: 119.97417 | DP16: 16.936001 | DR16: 67 | DS16: 53.099998 | DT16: 14 | DV16: 179 | DW16: 164.75247 | DX16: 13 | DZ16: 56 | EA16: 3 | EB16: 0 | EC16: 1 | ED16: 358.5 | EE16: 15.713 | EF16: 16.031 | EG16: 17.025584 | EH16: 사라봉5
... A46: =A45 + TIME(,1,) -> 46020.029 | B46: 301 | C46: 58.923 | D46: 103.031 | E46: 21.035999 | F46: 13.880548 | G46: 22.052999 | H46: 365 | I46: 327 | J46: 74.078003 | K46: 64.739708 | L46: 52.484001 | M46: 14.702 | N46: 17.302999 | O46: 19 | P46: 0 | Q46: 20.227598 | R46: 28.003124 | S46: 28.30788 | T46: 0 | U46: 0 | V46: 1186 | W46: 37.561768 | X46: 37.887001 | Y46: 9.8599997 | Z46: 0 | AA46: 35.512001 | AB46: 0 | AC46: 62.800201 | AD46: 6.1069999 | AE46: 0 | AF46: 96.540886 | AG46: 0 | AH46: 80.843681 | AI46: 18.320999 | AJ46: 29.633221 | AK46: 52.353458 | AL46: 60.436001 | AM46: 58.400002 | AN46: 153.375 | AO46: 86 | AP46: 81.901833 | AQ46: 52.822979 | AR46: 132 | AT46: 121 | AV46: 95 | AX46: 34 | AY46: 36.668953 | AZ46: 26 | BB46: 194 | BC46: 200.18515 | BD46: 7.3000002 | BE46: 7.3289733 | BF46: 31 | BG46: 12 | BH46: 12.275046 | BJ46: =SUM(BK46:BL46) -> 17 | BK46: 17 | BL46: 0 | BN46: =SUM(BO46:BP46) -> 123 | BO46: 75 | BP46: 48 | BQ46: 326 | BR46: 96.472 | BS46: 25.955 | BT46: 50.915001 | BU46: 46.375999 | BV46: 69.099998 | BW46: 7.0999999 | BX46: 13.9 | BY46: 29 | BZ46: 0.015184899 | CA46: 0 | CB46: 29.312881 | CD46: 444.80963 | CE46: 89.391449 | CF46: 32.65873 | CG46: 35.338192 | CH46: 303.78659 | CI46: 117.32188 | CJ46: 58.164085 | CK46: 61.381073 | CL46: 48.56813 | CM46: 334.44867 | CN46: 134.51205 | CO46: 91.486961 | CP46: 103.97105 | CQ46: 0 | CR46: 66.308044 | CS46: 11.696434 | CT46: 50.284843 | CU46: 180.03578 | CV46: 91.127495 | CW46: 2 | CX46: 464 | CY46: 219.41118 | CZ46: 65.285515 | DA46: 22.256344 | DB46: 44.946106 | DC46: 91.136261 | DD46: 677 | DE46: 202 | DF46: 702.01349 | DG46: 97.885788 | DH46: 66.405075 | DI46: 44.536415 | DJ46: 255 | DK46: 151.15401 | DL46: 28.726 | DM46: 61.319 | DN46: 54.074001 | DO46: 115.22613 | DP46: 17.275 | DR46: 67 | DS46: 48.5 | DT46: 13 | DV46: 174 | DW46: 165.43083 | DX46: 12 | DZ46: 52 | EA46: 3 | EB46: 0 | EC46: 1 | ED46: 852.70001 | EE46: 78 | EF46: 79.833333 | EG46: 83.883333 | EH46: 산천단배법원유출
A47: =A46 + TIME(,1,) -> 46020.03 | B47: 300 | C47: 60.167 | D47: 102.239 | E47: 19.452 | F47: 4.7167068 | G47: 21.827 | H47: 360 | I47: 326 | J47: 74.078003 | K47: 64.609306 | L47: 52.484001 | M47: 14.815 | N47: 17.302999 | O47: 19 | P47: 0 | Q47: 19.242571 | R47: 25.003124 | S47: 25.552282 | T47: 0 | U47: 0 | V47: 1180 | W47: 37.293118 | X47: 36.417 | Y47: 10.496 | Z47: 0 | AA47: 34.720001 | AB47: 0 | AC47: 64.167801 | AD47: 6.1069999 | AE47: 0 | AF47: 99.185699 | AG47: 0 | AH47: 79.067924 | AI47: 17.812 | AJ47: 30.387894 | AK47: 51.663074 | AL47: 58.492001 | AM47: 57.700001 | AN47: 152.6875 | AO47: 83 | AP47: 82.847076 | AQ47: 51.959026 | AR47: 131 | AT47: 121 | AV47: 102 | AX47: 35 | AY47: 37.314304 | AZ47: 26 | BB47: 196 | BC47: 201.7475 | BD47: 7.3000002 | BE47: 7.3289733 | BF47: 31 | BG47: 12 | BH47: 12.375345 | BJ47: =SUM(BK47:BL47) -> 17 | BK47: 17 | BL47: 0 | BN47: =SUM(BO47:BP47) -> 123.2 | BO47: 75 | BP47: 48.200001 | BQ47: 317 | BR47: 98.959999 | BS47: 26.973 | BT47: 48.835999 | BU47: 46.249001 | BV47: 69.400002 | BW47: 6.9000001 | BX47: 13.9 | BY47: 28 | BZ47: 0.013904979 | CA47: 0 | CB47: 29.321377 | CD47: 448.46976 | CE47: 87.893379 | CF47: 31.893793 | CG47: 35.338192 | CH47: 302.89377 | CI47: 116.13103 | CJ47: 57.728199 | CK47: 60.259232 | CL47: 46.980465 | CM47: 330.57175 | CN47: 134.51205 | CO47: 92.014343 | CP47: 99.344467 | CQ47: 0 | CR47: 65.183517 | CS47: 11.86727 | CT47: 52.92952 | CU47: 182.97507 | CV47: 89.691788 | CW47: 2 | CX47: 464 | CY47: 222.71654 | CZ47: 67.357117 | DA47: 23.003315 | DB47: 42.372879 | DC47: 92.729767 | DD47: 677 | DE47: 202 | DF47: 704.92944 | DG47: 104.53021 | DH47: 66.553421 | DI47: 41.476204 | DJ47: 255 | DK47: 151.15401 | DL47: 28.726 | DM47: 62.202999 | DN47: 55.487999 | DO47: 118.83825 | DP47: 17.275 | DR47: 67 | DS47: 55.099998 | DT47: 13 | DV47: 176 | DW47: 165.01073 | DX47: 12 | DZ47: 52 | EA47: 3 | EB47: 0 | EC47: 1 | ED47: 857.40002 | EE47: 0 | EF47: #NUM! | EG47: #DIV/0! | EH47: 산천단1_1
A48: =A47 + TIME(,1,) -> 46020.031 | B48: 290 | C48: 58.358002 | D48: 102.466 | E48: 19.677999 | F48: 4.4994135 | G48: 21.714001 | H48: 361 | I48: 328 | J48: 76.226997 | K48: 65.214546 | L48: 52.130001 | M48: 15.155 | N48: 16.922001 | O48: 20 | P48: 0 | Q48: 18.510984 | R48: 24 | S48: 24.828302 | T48: 0 | U48: 0 | V48: 1185 | W48: 34.035061 | X48: 36.756001 | Y48: 8.4610004 | Z48: 0 | AA48: 32.231998 | AB48: 0 | AC48: 63.187622 | AD48: 6.1069999 | AE48: 0 | AF48: 99.078438 | AG48: 0 | AH48: 78.329308 | AI48: 19.657 | AJ48: 31.744631 | AK48: 52.046444 | AL48: 60.082001 | AM48: 58.337002 | AN48: 158.5 | AO48: 86 | AP48: 82.859688 | AQ48: 52.705051 | AR48: 129 | AT48: 121 | AV48: 102 | AX48: 34 | AY48: 36.999207 | AZ48: 26 | BB48: 195 | BC48: 202.40591 | BD48: 7.4000001 | BE48: 7.3687439 | BF48: 31 | BG48: 12 | BH48: 12.223081 | BJ48: =SUM(BK48:BL48) -> 17 | BK48: 17 | BL48: 0 | BN48: =SUM(BO48:BP48) -> 122.2 | BO48: 74 | BP48: 48.200001 | BQ48: 317 | BR48: 99.750999 | BS48: 26.719 | BT48: 48.835999 | BU48: 46.057999 | BV48: 69.599998 | BW48: 6.9000001 | BX48: 14 | BY48: 28 | BZ48: 0.013904979 | CA48: 1 | CB48: 29.324104 | CD48: 447.03223 | CE48: 87.035065 | CF48: 32.170959 | CG48: 35.338192 | CH48: 303.00418 | CI48: 117.40604 | CJ48: 58.59079 | CK48: 60.259232 | CL48: 46.133274 | CM48: 330.61646 | CN48: 134.82645 | CO48: 90.869522 | CP48: 100.04868 | CQ48: 0 | CR48: 67.300339 | CS48: 11.226767 | CT48: 52.295189 | CU48: 183.30388 | CV48: 92.559174 | CW48: 3 | CX48: 466 | CY48: 220.68597 | CZ48: 65.619553 | DA48: 23.876944 | DB48: 43.217392 | DC48: 91.459999 | DD48: 674 | DE48: 201 | DF48: 705.12042 | DG48: 102.28314 | DH48: 66.769852 | DI48: 41.185894 | DJ48: 254 | DK48: 145.30099 | DL48: 28.5 | DM48: 60.258999 | DN48: 56.724998 | DO48: 115.7267 | DP48: 17.445 | DR48: 67 | DS48: 55.900002 | DT48: 14 | DV48: 176 | DW48: 165.01073 | DX48: 12 | DZ48: 52 | EA48: 3 | EB48: 0 | EC48: 1 | ED48: 851.90002 | EE48: 91 | EF48: 92.333333 | EG48: 95.916667 | EH48: 산천단배제대유출
A49: =A48 + TIME(,1,) -> 46020.031 | B49: 302 | C49: 54.852001 | D49: 103.936 | E49: 22.393 | F49: 12.485354 | G49: 21.827 | H49: 359 | I49: 322 | J49: 76.905998 | K49: 65.032112 | L49: 51.07 | M49: 14.589 | N49: 17.049 | O49: 20 | P49: 0 | Q49: 20.069675 | R49: 25.003124 | S49: 25.22114 | T49: 0 | U49: 0 | V49: 1189 | W49: 35.367905 | X49: 35.173 | Y49: 8.9700003 | Z49: 0 | AA49: 30.535999 | AB49: 0 | AC49: 64.22802 | AD49: 6.1069999 | AE49: 0 | AF49: 98.717239 | AG49: 0 | AH49: 76.205765 | AI49: 17.621 | AJ49: 31.560925 | AK49: 53.151855 | AL49: 61.143002 | AM49: 57.637001 | AN49: 160.9375 | AO49: 86 | AP49: 83.698128 | AQ49: 52.721882 | AR49: 130 | AT49: 121 | AV49: 103 | AX49: 35 | AY49: 36.779419 | AZ49: 26 | BB49: 197 | BC49: 203.72897 | BD49: 7.4000001 | BE49: 7.356916 | BF49: 30 | BG49: 11 | BH49: 12.189432 | BJ49: =SUM(BK49:BL49) -> 17 | BK49: 17 | BL49: 0 | BN49: =SUM(BO49:BP49) -> 122.2 | BO49: 74 | BP49: 48.200001 | BQ49: 320 | BR49: 99.185997 | BS49: 27.228001 | BT49: 47.105 | BU49: 45.740002 | BV49: 70 | BW49: 7 | BX49: 13.9 | BY49: 30 | BZ49: 0.013866311 | CA49: 0 | CB49: 29.830925 | CD49: 444.91962 | CE49: 85.632652 | CF49: 31.712088 | CG49: 35.338192 | CH49: 303.64444 | CI49: 115.85818 | CJ49: 57.39114 | CK49: 60.677952 | CL49: 46.823986 | CM49: 329.35052 | CN49: 134.5892 | CO49: 90.743568 | CP49: 100.37511 | CQ49: 0 | CR49: 63.55014 | CS49: 12.033356 | CT49: 57.332634 | CU49: 184.95601 | CV49: 94.912003 | CW49: 8 | CX49: 454 | CY49: 218.03008 | CZ49: 61.325226 | DA49: 23.730526 | DB49: 41.835133 | DC49: 91.128014 | DD49: 675 | DE49: 203 | DF49: 705.77795 | DG49: 102.04482 | DH49: 66.417732 | DI49: 41.870739 | DJ49: 249 | DK49: 144.79201 | DL49: 30.083 | DM49: 59.199001 | DN49: 56.724998 | DO49: 115.14017 | DP49: 17.530001 | DR49: 67 | DS49: 54.700001 | DT49: 13 | DV49: 175 | DW49: 165.47984 | DX49: 11 | DZ49: 55 | EA49: 3 | EB49: 0 | EC49: 1 | ED49: 855.5 | EE49: 0 | EF49: #NUM! | EG49: #DIV/0! | EH49: 산천단1_2
A50: =A49 + TIME(,1,) -> 46020.032 | B50: 291 | C50: 52.25 | D50: 103.823 | E50: 17.982 | F50: 10.602694 | G50: 22.052999 | H50: 359 | I50: 322 | J50: 73.287003 | K50: 65.100945 | L50: 51.07 | M50: 14.815 | N50: 17.431 | O50: 18 | P50: 0 | Q50: 18.72488 | R50: 28.003124 | S50: 28.496367 | T50: 6 | U50: 6 | V50: 1173 | W50: 39.016899 | X50: 36.077999 | Y50: 8.5240002 | Z50: 0 | AA50: 32.798 | AB50: 0 | AC50: 64.573601 | AD50: 6.1069999 | AE50: 0 | AF50: 97.582855 | AG50: 0 | AH50: 75.1213 | AI50: 19.212 | AJ50: 31.111219 | AK50: 51.928974 | AL50: 58.668999 | AM50: 57.637001 | AN50: 159.8125 | AO50: 84 | AP50: 83.676132 | AQ50: 53.954845 | AR50: 129 | AT50: 121 | AV50: 103 | AX50: 35 | AY50: 37.251442 | AZ50: 26 | BB50: 197 | BC50: 203.71927 | BD50: 7.4000001 | BE50: 7.3350396 | BF50: 30 | BG50: 11 | BH50: 12.219166 | BJ50: =SUM(BK50:BL50) -> 17 | BK50: 17 | BL50: 0 | BN50: =SUM(BO50:BP50) -> 124.2 | BO50: 76 | BP50: 48.200001 | BQ50: 320 | BR50: 97.263 | BS50: 27.228001 | BT50: 47.105 | BU50: 45.549 | BV50: 69 | BW50: 7.1999998 | BX50: 13.9 | BY50: 29 | BZ50: 0.013759936 | CA50: 0 | CB50: 29.492544 | CD50: 441.46588 | CE50: 87.335899 | CF50: 31.676218 | CG50: 35.338192 | CH50: 305.15982 | CI50: 110.85799 | CJ50: 53.476845 | CK50: 60.464798 | CL50: 47.887566 | CM50: 329.35052 | CN50: 132.97789 | CO50: 90.743568 | CP50: 98.753426 | CQ50: 0 | CR50: 62.797039 | CS50: 11.873849 | CT50: 55.661762 | CU50: 177.62036 | CV50: 93.047012 | CW50: 3 | CX50: 451 | CY50: 221.38248 | CZ50: 61.333908 | DA50: 23.356056 | DB50: 41.610722 | DC50: 91.893089 | DD50: 676 | DE50: 204 | DF50: 705.68457 | DG50: 98.355515 | DH50: 66.433983 | DI50: 41.811081 | DJ50: 249 | DK50: 146.065 | DL50: 31.327 | DM50: 59.199001 | DN50: 53.721001 | DO50: 114.97992 | DP50: 17.445 | DR50: 67 | DS50: 54.599998 | DT50: 13 | DV50: 174 | DW50: 164.82828 | DX50: 12 | DZ50: 54 | EA50: 3 | EB50: 0 | EC50: 2 | ED50: 851.20001 | EE50: 49 | EF50: 49.5 | EG50: 54.416667 | EH50: 산천단배첨단유출
A51: =A50 + TIME(,1,) -> 46020.033 | B51: 291 | C51: 55.304001 | D51: 103.71 | E51: 18.320999 | F51: 13.20858 | G51: 22.167 | H51: 358 | I51: 326 | J51: 75.209 | K51: 65.269897 | L51: 53.543999 | M51: 15.155 | N51: 16.731001 | O51: 19 | P51: 0 | Q51: 20.545189 | R51: 27 | S51: 27.180487 | T51: 9 | U51: 9 | V51: 1173 | W51: 39.368435 | X51: 37.887001 | Y51: 8.7150002 | Z51: 0 | AA51: 30.309999 | AB51: 0 | AC51: 62.973495 | AD51: 5.598 | AE51: 0 | AF51: 96.512505 | AG51: 0 | AH51: 76.825401 | AI51: 17.940001 | AJ51: 29.651268 | AK51: 51.911392 | AL51: 60.436001 | AM51: 57.637001 | AN51: 152.9375 | AO51: 83 | AP51: 82.636429 | AQ51: 51.130566 | AR51: 131 | AT51: 122 | AV51: 95 | AX51: 36 | AY51: 37.765263 | AZ51: 25 | BB51: 197 | BC51: 205.10597 | BD51: 7.3000002 | BE51: 7.333415 | BF51: 31 | BG51: 11 | BH51: 12.267275 | BJ51: =SUM(BK51:BL51) -> 17 | BK51: 17 | BL51: 0 | BN51: =SUM(BO51:BP51) -> 122 | BO51: 74 | BP51: 48 | BQ51: 328 | BR51: 98.620003 | BS51: 27.482 | BT51: 48.490002 | BU51: 46.122002 | BV51: 69.5 | BW51: 7.0999999 | BX51: 14.2 | BY51: 29 | BZ51: 0.013759936 | CA51: 0 | CB51: 29.452539 | CD51: 445.72183 | CE51: 87.457794 | CF51: 31.238403 | CG51: 35.338192 | CH51: 304.05655 | CI51: 109.41899 | CJ51: 53.591297 | CK51: 61.280415 | CL51: 46.48917 | CM51: 328.75919 | CN51: 133.91878 | CO51: 91.126228 | CP51: 99.862793 | CQ51: 0 | CR51: 64.764702 | CS51: 12.51735 | CT51: 55.857544 | CU51: 172.73978 | CV51: 93.774681 | CW51: 3 | CX51: 451 | CY51: 221.78256 | CZ51: 63.544952 | DA51: 23.580318 | DB51: 42.821678 | DC51: 92.079605 | DD51: 676 | DE51: 204 | DF51: 703.61456 | DG51: 97.881615 | DH51: 66.993095 | DI51: 41.011631 | DJ51: 251 | DK51: 148.60899 | DL51: 29.969999 | DM51: 64.323997 | DN51: 53.721001 | DO51: 116.85677 | DP51: 16.794001 | DR51: 67 | DS51: 54.900002 | DT51: 14 | DV51: 174 | DW51: 165.84393 | DX51: 13 | DZ51: 53 | EA51: 3 | EB51: 0 | EC51: 1 | ED51: 851 | EE51: 0 | EF51: #NUM! | EG51: #DIV/0! | EH51: 산천단2
A52: =A51 + TIME(,1,) -> 46020.033 | B52: 294 | C52: 54.285999 | D52: 102.353 | E52: 21.827 | F52: 18.3853 | G52: 22.618999 | H52: 362 | I52: 331 | J52: 75.775002 | K52: 64.954842 | L52: 51.247002 | M52: 15.041 | N52: 16.540001 | O52: 18 | P52: 0 | Q52: 17.982571 | R52: 27 | S52: 28.869337 | T52: 9 | U52: 9 | V52: 1173 | W52: 38.718807 | X52: 36.756001 | Y52: 8.9060001 | Z52: 0 | AA52: 29.969999 | AB52: 0 | AC52: 63.795105 | AD52: 6.1069999 | AE52: 0 | AF52: 96.680283 | AG52: 0 | AH52: 77.585831 | AI52: 19.148001 | AJ52: 30.545166 | AK52: 50.926762 | AL52: 57.962002 | AM52: 60.244999 | AN52: 152.9375 | AO52: 82 | AP52: 82.789848 | AQ52: 51.395123 | AR52: 131 | AT52: 122 | AV52: 95 | AX52: 34 | AY52: 37.69009 | AZ52: 25 | BB52: 196 | BC52: 202.37393 | BD52: 7.3000002 | BE52: 7.3284984 | BF52: 31 | BG52: 11 | BH52: 12.100984 | BJ52: =SUM(BK52:BL52) -> 17 | BK52: 17 | BL52: 0 | BN52: =SUM(BO52:BP52) -> 123 | BO52: 75 | BP52: 48 | BQ52: 324 | BR52: 98.620003 | BS52: 26.719 | BT52: 48.835999 | BU52: 45.931 | BV52: 68.800003 | BW52: 7 | BX52: 13.9 | BY52: 29 | BZ52: 0.014663056 | CA52: 0 | CB52: 29.4641 | CD52: 442.60004 | CE52: 88.192841 | CF52: 31.941841 | CG52: 35.338192 | CH52: 304.48163 | CI52: 114.56686 | CJ52: 56.292534 | CK52: 61.972137 | CL52: 46.936947 | CM52: 327.93863 | CN52: 133.39708 | CO52: 91.140213 | CP52: 99.273911 | CQ52: 0 | CR52: 64.047791 | CS52: 12.914511 | CT52: 57.55331 | CU52: 179.09154 | CV52: 92.509506 | CW52: 4 | CX52: 461 | CY52: 216.91249 | CZ52: 60.325459 | DA52: 22.8815 | DB52: 42.418648 | DC52: 92.320953 | DD52: 677 | DE52: 201 | DF52: 706.32849 | DG52: 97.515327 | DH52: 67.28215 | DI52: 39.55611 | DJ52: 253 | DK52: 151.15401 | DL52: 29.969999 | DM52: 62.733002 | DN52: 56.548 | DO52: 115.64682 | DP52: 16.597 | DR52: 67 | DS52: 56.5 | DT52: 14 | DV52: 169 | DW52: 164.32428 | DX52: 12 | DZ52: 53 | EA52: 3 | EB52: 0 | EC52: 1 | ED52: 851 | EE52: 28 | EF52: 28.5 | EG52: 29.483333 | EH52: 황세앗유출
A53: =A52 + TIME(,1,) -> 46020.034 | B53: 293 | C53: 55.304001 | D53: 103.144 | E53: 18.547001 | F53: 14.202644 | G53: 21.714001 | H53: 356 | I53: 326 | J53: 74.757004 | K53: 64.954842 | L53: 49.655998 | M53: 15.494 | N53: 17.493999 | O53: 20 | P53: 0 | Q53: 20.24267 | R53: 28.003124 | S53: 28.850794 | T53: 9 | U53: 9 | V53: 1184 | W53: 37.65591 | X53: 37.548 | Y53: 9.033 | Z53: 0 | AA53: 29.969999 | AB53: 0 | AC53: 63.859364 | AD53: 5.8520002 | AE53: 0 | AF53: 96.554924 | AG53: 0 | AH53: 77.207642 | AI53: 21.438999 | AJ53: 29.395048 | AK53: 50.109215 | AL53: 58.492001 | AM53: 58.400002 | AN53: 155.875 | AO53: 85 | AP53: 83.468338 | AQ53: 52.227459 | AR53: 130 | AT53: 123 | AV53: 96 | AX53: 35 | AY53: 36.878948 | AZ53: 26 | BB53: 198 | BC53: 204.08598 | BD53: 7.3000002 | BE53: 7.3243866 | BF53: 31 | BG53: 11 | BH53: 12.130974 | BJ53: =SUM(BK53:BL53) -> 17 | BK53: 17 | BL53: 0 | BN53: =SUM(BO53:BP53) -> 123 | BO53: 75 | BP53: 48 | BQ53: 322 | BR53: 100.656 | BS53: 27.228001 | BT53: 46.064999 | BU53: 45.994999 | BV53: 70.099998 | BW53: 6.9000001 | BX53: 13.9 | BY53: 29 | BZ53: 0.014163781 | CA53: 1 | CB53: 29.916246 | CD53: 440.97812 | CE53: 86.491455 | CF53: 31.613674 | CG53: 35.338192 | CH53: 304.22086 | CI53: 110.49915 | CJ53: 54.74218 | CK53: 60.788105 | CL53: 48.658543 | CM53: 323.52029 | CN53: 130.57173 | CO53: 90.353363 | CP53: 99.470978 | CQ53: 0 | CR53: 65.495819 | CS53: 11.656232 | CT53: 55.134678 | CU53: 178.27597 | CV53: 92.782578 | CW53: 1 | CX53: 453 | CY53: 213.61206 | CZ53: 61.758049 | DA53: 24.50613 | DB53: 43.461231 | DC53: 93.320229 | DD53: 679 | DE53: 201 | DF53: 707.44824 | DG53: 95.791527 | DH53: 67.467079 | DI53: 43.416569 | DJ53: 251 | DK53: 145.81 | DL53: 32.571999 | DM53: 62.556 | DN53: 54.074001 | DO53: 115.97617 | DP53: 17.021 | DR53: 67 | DS53: 56.299999 | DT53: 14 | DV53: 172 | DW53: 164.69351 | DX53: 13 | DZ53: 53 | EA53: 3 | EB53: 0 | EC53: 2 | ED53: 853.90002 | EE53: 31.437574 | EF53: 31.655987 | EG53: 32.389782 | EH53: 영평15
A54: =A53 + TIME(,1,) -> 46020.035 | B54: 290 | C54: 58.584 | D54: 102.239 | E54: 18.320999 | F54: 2.8119836 | G54: 21.714001 | H54: 360 | I54: 328 | J54: 74.078003 | K54: 63.717735 | L54: 50.362999 | M54: 15.381 | N54: 16.731001 | O54: 19 | P54: 0 | Q54: 18.818911 | R54: 27 | S54: 28.228323 | T54: 9 | U54: 9 | V54: 1163 | W54: 37.223888 | X54: 37.887001 | Y54: 9.9870005 | Z54: 0 | AA54: 27.030001 | AB54: 0 | AC54: 63.459305 | AD54: 6.1069999 | AE54: 0 | AF54: 95.837234 | AG54: 0 | AH54: 77.931068 | AI54: 19.403 | AJ54: 29.01119 | AK54: 51.128693 | AL54: 62.202999 | AM54: 57.700001 | AN54: 154 | AO54: 84 | AP54: 82.763184 | AQ54: 50.490597 | AR54: 131 | AT54: 123 | AV54: 93 | AX54: 36 | AY54: 37.805698 | AZ54: 26 | BB54: 196 | BC54: 202.37936 | BD54: 7.3000002 | BE54: 7.3207989 | BF54: 30 | BG54: 12 | BH54: 12.169749 | BJ54: =SUM(BK54:BL54) -> 17 | BK54: 17 | BL54: 0 | BN54: =SUM(BO54:BP54) -> 123 | BO54: 75 | BP54: 48 | BQ54: 325 | BR54: 96.810997 | BS54: 27.737 | BT54: 46.757999 | BU54: 45.931 | BV54: 69 | BW54: 6.9000001 | BX54: 13.9 | BY54: 29 | BZ54: 0.012568527 | CA54: 0 | CB54: 30.057493 | CD54: 438.18066 | CE54: 84.725769 | CF54: 30.722651 | CG54: 35.338192 | CH54: 303.7648 | CI54: 108.82846 | CJ54: 52.227909 | CK54: 60.207695 | CL54: 44.934929 | CM54: 326.14526 | CN54: 133.50195 | CO54: 91.255219 | CP54: 98.721863 | CQ54: 0 | CR54: 66.133102 | CS54: 11.789154 | CT54: 52.702663 | CU54: 174.44894 | CV54: 92.173897 | CW54: 4 | CX54: 461 | CY54: 216.07156 | CZ54: 61.98455 | DA54: 24.029774 | DB54: 43.26104 | DC54: 94.156166 | DD54: 681 | DE54: 203 | DF54: 705.66748 | DG54: 92.75518 | DH54: 69.182648 | DI54: 42.229229 | DJ54: 251 | DK54: 145.556 | DL54: 27.708 | DM54: 60.082001 | DN54: 53.896999 | DO54: 117.3966 | DP54: 17.021 | DR54: 67 | DS54: 56.599998 | DT54: 15 | DV54: 172 | DW54: 164.21237 | DX54: 12 | DZ54: 53 | EA54: 3 | EB54: 0 | EC54: 1 | ED54: 853.5 | EE54: 0 | EF54: 0.5 | EG54: 3.6833333 | EH54: 영평소배유출
A55: =A54 + TIME(,1,) -> 46020.035 | B55: 297 | C55: 52.25 | D55: 103.031 | E55: 17.530001 | F55: 2.8119836 | G55: 22.167 | H55: 351 | I55: 325 | J55: 72.946999 | K55: 64.801201 | L55: 49.303001 | M55: 14.589 | N55: 16.985001 | O55: 17 | P55: 0 | Q55: 17.576303 | R55: 28.003124 | S55: 28.822174 | T55: 9 | U55: 9 | V55: 1177 | W55: 37.151466 | X55: 38.452999 | Y55: 9.0970001 | Z55: 0 | AA55: 28.952 | AB55: 0 | AC55: 62.824436 | AD55: 6.1069999 | AE55: 0 | AF55: 95.182159 | AG55: 0 | AH55: 78.497047 | AI55: 20.039 | AJ55: 27.367483 | AK55: 51.161758 | AL55: 61.849998 | AM55: 57.637001 | AN55: 152.6875 | AO55: 84 | AP55: 83.547829 | AQ55: 50.950848 | AR55: 117 | AT55: 120 | AV55: 99 | AX55: 35 | AY55: 37.13707 | AZ55: 26 | BB55: 195 | BC55: 199.88339 | BD55: 7.3000002 | BE55: 7.320467 | BF55: 30 | BG55: 11 | BH55: 12.034399 | BJ55: =SUM(BK55:BL55) -> 17 | BK55: 17 | BL55: 0 | BN55: =SUM(BO55:BP55) -> 122 | BO55: 74 | BP55: 48 | BQ55: 317 | BR55: 96.924004 | BS55: 25.955 | BT55: 46.064999 | BU55: 45.676998 | BV55: 69.199997 | BW55: 6.9000001 | BX55: 13.6 | BY55: 29 | BZ55: 0.014959736 | CA55: 0 | CB55: 29.399513 | CD55: 437.64127 | CE55: 84.178085 | CF55: 30.722651 | CG55: 35.338192 | CH55: 303.80722 | CI55: 112.90293 | CJ55: 56.302868 | CK55: 61.558727 | CL55: 44.785244 | CM55: 325.12671 | CN55: 130.36249 | CO55: 90.608971 | CP55: 96.549622 | CQ55: 0 | CR55: 65.350075 | CS55: 11.721549 | CT55: 54.870872 | CU55: 173.48569 | CV55: 92.903938 | CW55: 2 | CX55: 455 | CY55: 214.86588 | CZ55: 64.946129 | DA55: 23.3249 | DB55: 43.798752 | DC55: 93.111389 | DD55: 682 | DE55: 203 | DF55: 705.61841 | DG55: 98.952621 | DH55: 68.355331 | DI55: 43.426479 | DJ55: 253 | DK55: 144.53799 | DL55: 27.482 | DM55: 60.436001 | DN55: 53.896999 | DO55: 118.35645 | DP55: 17.162001 | DR55: 67 | DS55: 56.200001 | DT55: 14 | DV55: 177 | DW55: 164.02298 | DX55: 11 | DZ55: 53 | EA55: 3 | EB55: 0 | EC55: 1 | ED55: 858.09998 | EE55: 0 | EF55: #NUM! | EG55: #DIV/0! | EH55: 영평소
A56: =A55 + TIME(,1,) -> 46020.036 | B56: 299 | C56: 47.952999 | D56: 102.805 | E56: 19.452 | F56: 8.024025 | G56: 22.393 | H56: 355 | I56: 324 | J56: 70.346001 | K56: 65.488411 | L56: 50.362999 | M56: 14.928 | N56: 16.540001 | O56: 18 | P56: 0 | Q56: 18.932981 | R56: 27 | S56: 27.632965 | T56: 9 | U56: 9 | V56: 1178 | W56: 35.256447 | X56: 38.226002 | Y56: 9.0970001 | Z56: 0 | AA56: 27.708 | AB56: 0 | AC56: 64.316551 | AD56: 6.1069999 | AE56: 0 | AF56: 97.066254 | AG56: 0 | AH56: 77.345718 | AI56: 20.739 | AJ56: 27.41758 | AK56: 51.695568 | AL56: 59.729 | AM56: 58.591 | AN56: 153.125 | AO56: 81 | AP56: 82.955956 | AQ56: 49.203766 | AR56: 90 | AT56: 119 | AV56: 99 | AX56: 35 | AY56: 36.847294 | AZ56: 26 | BB56: 194 | BC56: 200.55101 | BD56: 7.3000002 | BE56: 7.3060527 | BF56: 30 | BG56: 11 | BH56: 12.034399 | BJ56: =SUM(BK56:BL56) -> 17 | BK56: 17 | BL56: 0 | BN56: =SUM(BO56:BP56) -> 122 | BO56: 74 | BP56: 48 | BQ56: 327 | BR56: 101.109 | BS56: 24.937 | BT56: 46.064999 | BU56: 47.076 | BV56: 69.5 | BW56: 7.0999999 | BX56: 13.6 | BY56: 29 | BZ56: 0.013745152 | CA56: 0 | CB56: 29.399513 | CD56: 436.0704 | CE56: 85.750862 | CF56: 31.264898 | CG56: 35.338192 | CH56: 302.84961 | CI56: 115.15546 | CJ56: 58.355274 | CK56: 61.269627 | CL56: 45.14492 | CM56: 327.86417 | CN56: 131.26144 | CO56: 89.506226 | CP56: 103.8654 | CQ56: 0 | CR56: 65.605484 | CS56: 12.123173 | CT56: 51.643066 | CU56: 176.37859 | CV56: 93.030022 | CW56: 1 | CX56: 464 | CY56: 214.47499 | CZ56: 60.014668 | DA56: 22.94459 | DB56: 43.715282 | DC56: 92.650322 | DD56: 681 | DE56: 204 | DF56: 703.65015 | DG56: 93.979027 | DH56: 66.551712 | DI56: 42.872925 | DJ56: 253 | DK56: 145.556 | DL56: 30.535999 | DM56: 61.849998 | DN56: 55.841 | DO56: 116.01187 | DP56: 17.473 | DR56: 67 | DS56: 55.799999 | DT56: 14 | DV56: 176 | DW56: 164.2251 | DX56: 12 | DZ56: 52 | EA56: 3 | EB56: 0 | EC56: 1 | ED56: 852.70001 | EE56: 174 | EF56: 174.5 | EG56: 176.26667 | EH56: 아라2지구배유출
A57: =A56 + TIME(,1,) -> 46020.037 | B57: 291 | C57: 50.554001 | D57: 100.769 | E57: 18.434 | F57: 19.122969 | G57: 21.375 | H57: 356 | I57: 315 | J57: 73.400002 | K57: 64.865967 | L57: 50.186001 | M57: 14.476 | N57: 17.049 | O57: 18 | P57: 0 | Q57: 17.753523 | R57: 25.996876 | S57: 26.641651 | T57: 9 | U57: 9 | V57: 1175 | W57: 35.843342 | X57: 38 | Y57: 10.178 | Z57: 0 | AA57: 26.917 | AB57: 0 | AC57: 64.130951 | AD57: 6.1069999 | AE57: 0 | AF57: 97.198502 | AG57: 0 | AH57: 79.284897 | AI57: 26.209999 | AJ57: 26.157419 | AK57: 51.29335 | AL57: 59.729 | AM57: 60.054001 | AN57: 147.125 | AO57: 79 | AP57: 80.916405 | AQ57: 48.591122 | AR57: 86 | AT57: 120 | AV57: 100 | AX57: 35 | AY57: 36.847294 | AZ57: 25 | BB57: 195 | BC57: 199.86354 | BD57: 7.3000002 | BE57: 7.3013692 | BF57: 30 | BG57: 11 | BH57: 12.055545 | BJ57: =SUM(BK57:BL57) -> 17 | BK57: 17 | BL57: 0 | BN57: =SUM(BO57:BP57) -> 122.2 | BO57: 74 | BP57: 48.200001 | BQ57: 316 | BR57: 94.662003 | BS57: 24.937 | BT57: 47.797001 | BU57: 46.439999 | BV57: 68.699997 | BW57: 7.0999999 | BX57: 13.6 | BY57: 29 | BZ57: 0.01402926 | CA57: 0 | CB57: 29.246294 | CD57: 445.05389 | CE57: 87.249649 | CF57: 30.571436 | CG57: 35.338192 | CH57: 303.74423 | CI57: 112.40749 | CJ57: 52.591648 | CK57: 61.837898 | CL57: 44.848751 | CM57: 330.31125 | CN57: 133.27449 | CO57: 90.95607 | CP57: 98.405777 | CQ57: 0 | CR57: 64.308701 | CS57: 12.903205 | CT57: 52.977665 | CU57: 96.033012 | CV57: 89.548477 | CW57: 3 | CX57: 447 | CY57: 211.85181 | CZ57: 59.738461 | DA57: 22.391315 | DB57: 43.572964 | DC57: 91.567215 | DD57: 678 | DE57: 200 | DF57: 703.09906 | DG57: 95.785126 | DH57: 67.344604 | DI57: 42.872925 | DJ57: 242 | DK57: 143.26601 | DL57: 33.137001 | DM57: 58.845001 | DN57: 53.191002 | DO57: 112.94009 | DP57: 17.332001 | DR57: 67 | DS57: 55.900002 | DT57: 13 | DV57: 174 | DW57: 164.24652 | DX57: 11 | DZ57: 52 | EA57: 3 | EB57: 0 | EC57: 1 | ED57: 848.90002 | EE57: 172.0762 | EF57: 173.21722 | EG57: 176.05193 | EH57: 아라2지구
A58: =A57 + TIME(,1,) -> 46020.038 | B58: 287 | C58: 51.910999 | D58: 101.787 | E58: 18.320999 | F58: 8.464282 | G58: 21.375 | H58: 349 | I58: 318 | J58: 69.101997 | K58: 62.38723 | L58: 49.303001 | M58: 14.702 | N58: 17.558001 | O58: 17 | P58: 0 | Q58: 19.257397 | R58: 24 | S58: 25.12294 | T58: 9 | U58: 9 | V58: 1173 | W58: 36.47839 | X58: 38.339001 | Y58: 10.305 | Z58: 0 | AA58: 25.333 | AB58: 0 | AC58: 63.343227 | AD58: 6.1069999 | AE58: 0 | AF58: 95.593513 | AG58: 0 | AH58: 80.187538 | AI58: 18.957001 | AJ58: 25.424366 | AK58: 50.315144 | AL58: 58.845001 | AM58: 58.272999 | AN58: 148.6875 | AO58: 80 | AP58: 80.656792 | AQ58: 49.596825 | AR58: 87 | AT58: 120 | AV58: 99 | AX58: 36 | AY58: 37.763233 | AZ58: 25 | BB58: 194 | BC58: 199.86354 | BD58: 7.3000002 | BE58: 7.2894883 | BF58: 30 | BG58: 11 | BH58: 12.067019 | BJ58: =SUM(BK58:BL58) -> 16 | BK58: 16 | BL58: 0 | BN58: =SUM(BO58:BP58) -> 123.2 | BO58: 75 | BP58: 48.200001 | BQ58: 316 | BR58: 93.530998 | BS58: 25.445999 | BT58: 46.064999 | BU58: 45.931 | BV58: 68.599998 | BW58: 6.9000001 | BX58: 13.9 | BY58: 29 | BZ58: 0.015069944 | CA58: 0 | CB58: 29.194334 | CD58: 447.81183 | CE58: 88.476929 | CF58: 31.432816 | CG58: 35.338192 | CH58: 303.13397 | CI58: 107.07526 | CJ58: 51.869995 | CK58: 60.299023 | CL58: 46.934277 | CM58: 331.34363 | CN58: 141.48416 | CO58: 90.136169 | CP58: 94.725601 | CQ58: 0 | CR58: 64.025627 | CS58: 12.814256 | CT58: 52.84724 | CU58: 57.850204 | CV58: 83.128128 | CW58: 4 | CX58: 446 | CY58: 212.18666 | CZ58: 60.902248 | DA58: 21.892084 | DB58: 44.070248 | DC58: 93.60598 | DD58: 678 | DE58: 200 | DF58: 705.90112 | DG58: 93.213844 | DH58: 66.648926 | DI58: 41.553921 | DJ58: 242 | DK58: 143.26601 | DL58: 30.988001 | DM58: 58.492001 | DN58: 53.721001 | DO58: 111.94914 | DP58: 16.964001 | DR58: 67 | DS58: 55.599998 | DT58: 13 | DV58: 177 | DW58: 164.49754 | DX58: 12 | DZ58: 53 | EA58: 3 | EB58: 0 | EC58: 1 | ED58: 848.79999 | EE58: 6.1999998 | EF58: 6.4166667 | EG58: 6.5966666 | EH58: 관음사배유출
A59: =A58 + TIME(,1,) -> 46020.038 | B59: 286 | C59: 53.946999 | D59: 100.882 | E59: 21.149 | F59: 9.1946859 | G59: 20.695999 | H59: 348 | I59: 319 | J59: 71.025002 | K59: 63.540058 | L59: 49.655998 | M59: 14.137 | N59: 17.302999 | O59: 17 | P59: 0 | Q59: 18.087893 | R59: 22.003124 | S59: 23.598072 | T59: 9 | U59: 9 | V59: 1062 | W59: 37.110565 | X59: 38 | Y59: 9.9239998 | Z59: 0 | AA59: 28.160999 | AB59: 0 | AC59: 62.212593 | AD59: 5.8520002 | AE59: 0 | AF59: 94.725441 | AG59: 0 | AH59: 81.21225 | AI59: 19.403 | AJ59: 26.724461 | AK59: 50.113956 | AL59: 57.785 | AM59: 58.018002 | AN59: 150.6875 | AO59: 82 | AP59: 80.188698 | AQ59: 52.225479 | AR59: 89 | AT59: 120 | AV59: 93 | AX59: 35 | AY59: 35.962864 | AZ59: 25 | BB59: 195 | BC59: 201.41383 | BD59: 7.1999998 | BE59: 7.28127 | BF59: 30 | BG59: 11 | BH59: 12.01758 | BJ59: =SUM(BK59:BL59) -> 16 | BK59: 16 | BL59: 0 | BN59: =SUM(BO59:BP59) -> 124 | BO59: 76 | BP59: 48 | BQ59: 317 | BR59: 89.912003 | BS59: 25.445999 | BT59: 50.222 | BU59: 50.383999 | BV59: 69.5 | BW59: 7.0999999 | BX59: 14 | BY59: 29 | BZ59: 0.013986596 | CA59: 0 | CB59: 29.297363 | CD59: 440.92862 | CE59: 89.080444 | CF59: 31.729586 | CG59: 35.338192 | CH59: 302.98987 | CI59: 110.63522 | CJ59: 52.800159 | CK59: 61.616302 | CL59: 47.037395 | CM59: 330.27719 | CN59: 138.76904 | CO59: 91.119598 | CP59: 95.859619 | CQ59: 0 | CR59: 62.802464 | CS59: 11.758903 | CT59: 50.661171 | CU59: 60.090782 | CV59: 87.724785 | CW59: 12 | CX59: 446 | CY59: 211.43826 | CZ59: 61.378811 | DA59: 22.049301 | DB59: 43.454292 | DC59: 94.529007 | DD59: 673 | DE59: 204 | DF59: 701.57697 | DG59: 94.389008 | DH59: 67.797676 | DI59: 39.764931 | DJ59: 248 | DK59: 145.047 | DL59: 29.518 | DM59: 60.258999 | DN59: 52.837002 | DO59: 112.79641 | DP59: 16.681 | DR59: 67 | DS59: 55 | DT59: 13 | DV59: 174 | DW59: 165.42725 | DX59: 12 | DZ59: 51 | EA59: 3 | EB59: 0 | EC59: 1 | ED59: 843.70001 | EE59: 6.5186949 | EF59: 6.5461931 | EG59: 6.6547583 | EH59: 관음사
A60: =A59 + TIME(,1,) -> 46020.039 | B60: 286 | C60: 55.529999 | D60: 101.448 | E60: 17.190001 | F60: 15.612621 | G60: 20.131001 | H60: 350 | I60: 322 | J60: 71.703003 | K60: 63.755821 | L60: 50.716999 | M60: 14.024 | N60: 17.431 | O60: 17 | P60: 0 | Q60: 17.5837 | R60: 22.996876 | S60: 23.964289 | T60: 9 | U60: 9 | V60: 1062 | W60: 37.340961 | X60: 36.756001 | Y60: 9.3509998 | Z60: 0 | AA60: 25.899 | AB60: 0 | AC60: 62.152374 | AD60: 6.3610001 | AE60: 0 | AF60: 95.5942 | AG60: 0 | AH60: 77.524017 | AI60: 19.339001 | AJ60: 26.889494 | AK60: 50.18034 | AL60: 59.729 | AM60: 58.146 | AN60: 148.4375 | AO60: 81 | AP60: 80.188698 | AQ60: 49.515732 | AR60: 87 | AT60: 121 | AV60: 94 | AX60: 34 | AY60: 35.954464 | AZ60: 25 | BB60: 194 | BC60: 202.10455 | BD60: 7.3000002 | BE60: 7.2836294 | BF60: 29 | BG60: 11 | BH60: 12.01758 | BJ60: =SUM(BK60:BL60) -> 17 | BK60: 17 | BL60: 0 | BN60: =SUM(BO60:BP60) -> 123 | BO60: 75 | BP60: 48 | BQ60: 312 | BR60: 90.138 | BS60: 26.209999 | BT60: 46.064999 | BU60: 51.275002 | BV60: 69.400002 | BW60: 7.1999998 | BX60: 14 | BY60: 28 | BZ60: 0.012130952 | CA60: 0 | CB60: 29.174307 | CD60: 441.17352 | CE60: 84.563248 | CF60: 30.875292 | CG60: 35.338192 | CH60: 303.0607 | CI60: 109.52285 | CJ60: 54.233025 | CK60: 62.004189 | CL60: 47.199982 | CM60: 337.18707 | CN60: 142.68063 | CO60: 89.599236 | CP60: 100.60832 | CQ60: 0 | CR60: 64.49836 | CS60: 11.477117 | CT60: 51.72715 | CU60: 63.870163 | CV60: 91.702339 | CW60: 3 | CX60: 450 | CY60: 208.1647 | CZ60: 60.47821 | DA60: 22.288107 | DB60: 43.814926 | DC60: 91.315163 | DD60: 673 | DE60: 201 | DF60: 702.77338 | DG60: 97.03157 | DH60: 67.926216 | DI60: 40.762196 | DJ60: 247 | DK60: 145.047 | DL60: 32.910999 | DM60: 60.258999 | DN60: 53.191002 | DO60: 113.24476 | DP60: 16.851 | DR60: 67 | DS60: 53.700001 | DT60: 14 | DV60: 177 | DW60: 164.60248 | DX60: 11 | DZ60: 52 | EA60: 3 | EB60: 0 | EC60: 1 | ED60: 851.20001 | EE60: 29 | EF60: 29 | EG60: 29.366667 | EH60: 월평소배유출
A61: =A60 + TIME(,1,) -> 46020.04 | B61: 290 | C61: 54.512001 | D61: 101.109 | E61: 20.357 | F61: 2.1481578 | G61: 20.583 | H61: 346 | I61: 313 | J61: 70.912003 | K61: 63.248207 | L61: 49.125999 | M61: 14.928 | N61: 17.493999 | O61: 17 | P61: 0 | Q61: 17.5837 | R61: 22.996876 | S61: 23.964289 | T61: 9 | U61: 9 | V61: 1075 | W61: 36.597092 | X61: 37.209 | Y61: 9.415 | Z61: 0 | AA61: 26.125 | AB61: 0 | AC61: 62.152374 | AD61: 6.1069999 | AE61: 0 | AF61: 96.447289 | AG61: 0 | AH61: 79.761253 | AI61: 18.257999 | AJ61: 30.291744 | AK61: 50.18034 | AL61: 57.962002 | AM61: 59.354 | AN61: 148.5625 | AO61: 81 | AP61: 81.013992 | AQ61: 50.35812 | AR61: 94 | AT61: 121 | AV61: 91 | AX61: 34 | AY61: 36.422863 | AZ61: 25 | BB61: 198 | BC61: 204.05569 | BD61: 7.1999998 | BE61: 7.2726846 | BF61: 30 | BG61: 11 | BH61: 12.104506 | BJ61: =SUM(BK61:BL61) -> 17 | BK61: 17 | BL61: 0 | BN61: =SUM(BO61:BP61) -> 123 | BO61: 75 | BP61: 48 | BQ61: 312 | BR61: 87.875999 | BS61: 25.701 | BT61: 46.064999 | BU61: 49.938999 | BV61: 69.699997 | BW61: 7.0999999 | BX61: 14 | BY61: 28 | BZ61: 0.015186773 | CA61: 0 | CB61: 29.16913 | CD61: 433.79312 | CE61: 84.418747 | CF61: 30.904922 | CG61: 35.338192 | CH61: 303.64786 | CI61: 109.9843 | CJ61: 52.861828 | CK61: 63.178589 | CL61: 46.542271 | CM61: 330.72046 | CN61: 141.68167 | CO61: 88.994781 | CP61: 94.96917 | CQ61: 0 | CR61: 63.851234 | CS61: 11.280821 | CT61: 47.512039 | CU61: 65.898956 | CV61: 90.364059 | CW61: 3 | CX61: 453 | CY61: 209.37395 | CZ61: 63.444618 | DA61: 21.712214 | DB61: 43.450867 | DC61: 91.684982 | DD61: 666 | DE61: 200 | DF61: 705.70105 | DG61: 94.50209 | DH61: 66.885551 | DI61: 40.185745 | DJ61: 252 | DK61: 148.355 | DL61: 30.309999 | DM61: 62.026001 | DN61: 53.896999 | DO61: 113.88625 | DP61: 17.614 | DR61: 67 | DS61: 51.5 | DT61: 14 | DV61: 175 | DW61: 164.53018 | DX61: 11 | DZ61: 50 | EA61: 3 | EB61: 0 | EC61: 1 | ED61: 844.09998 | EE61: 10 | EF61: 10 | EG61: 10.05 | EH61: 월평지선배유출
A62: =A61 + TIME(,1,) -> 46020.04 | B62: 284 | C62: 53.268002 | D62: 100.43 | E62: 18.547001 | F62: 18.808384 | G62: 20.469999 | H62: 345 | I62: 312 | J62: 70.912003 | K62: 63.781792 | L62: 47.006001 | M62: 14.137 | N62: 16.667 | O62: 18 | P62: 0 | Q62: 18.946182 | R62: 25.003124 | S62: 25.33983 | T62: 9 | U62: 9 | V62: 1083 | W62: 35.939854 | X62: 35.512001 | Y62: 8.842 | Z62: 0 | AA62: 27.708 | AB62: 0 | AC62: 64.335648 | AD62: 5.8520002 | AE62: 0 | AF62: 95.8536 | AG62: 0 | AH62: 77.59481 | AI62: 21.82 | AJ62: 31.774645 | AK62: 51.313152 | AL62: 58.314999 | AM62: 60.244999 | AN62: 149.375 | AO62: 80 | AP62: 78.895691 | AQ62: 50.421959 | AR62: 126 | AT62: 123 | AV62: 91 | AX62: 33 | AY62: 35.693398 | AZ62: 23 | BB62: 195 | BC62: 201.99878 | BD62: 7.3000002 | BE62: 7.2679524 | BF62: 31 | BG62: 12 | BH62: 12.258987 | BJ62: =SUM(BK62:BL62) -> 17 | BK62: 17 | BL62: 0 | BN62: =SUM(BO62:BP62) -> 121 | BO62: 73 | BP62: 48 | BQ62: 310 | BR62: 91.042999 | BS62: 25.701 | BT62: 49.182999 | BU62: 49.748001 | BV62: 69.900002 | BW62: 7.0999999 | BX62: 14 | BY62: 28 | BZ62: 0.013238667 | CA62: 0 | CB62: 29.143387 | CD62: 445.30444 | CE62: 86.077911 | CF62: 29.573782 | CG62: 35.338192 | CH62: 302.58472 | CI62: 111.48706 | CJ62: 52.966557 | CK62: 62.475891 | CL62: 45.860226 | CM62: 329.09485 | CN62: 140.95074 | CO62: 88.415321 | CP62: 94.96917 | CQ62: 0 | CR62: 62.163513 | CS62: 11.542652 | CT62: 47.690235 | CU62: 59.752636 | CV62: 91.279732 | CW62: 4 | CX62: 446 | CY62: 211.46356 | CZ62: 61.654755 | DA62: 21.712214 | DB62: 42.062225 | DC62: 92.310028 | DD62: 670 | DE62: 203 | DF62: 702.33258 | DG62: 94.394478 | DH62: 66.934372 | DI62: 41.205647 | DJ62: 248 | DK62: 147.84599 | DL62: 33.589001 | DM62: 62.026001 | DN62: 52.130001 | DO62: 113.82564 | DP62: 18.292999 | DR62: 67 | DS62: 54.099998 | DT62: 14 | DV62: 175 | DW62: 164.25316 | DX62: 11 | DZ62: 50 | EA62: 3 | EB62: 0 | EC62: 1 | ED62: 846.70001 | EE62: 10.74521 | EF62: 10.776456 | EG62: 10.963275 | EH62: 중소블록
A63: =A62 + TIME(,1,) -> 46020.041 | B63: 284 | C63: 54.060001 | D63: 103.597 | E63: 20.357 | F63: 2.695437 | G63: 20.243999 | H63: 344 | I63: 312 | J63: 70.571999 | K63: 63.580379 | L63: 47.006001 | M63: 14.815 | N63: 17.049 | O63: 18 | P63: 0 | Q63: 18.712498 | R63: 24 | S63: 24.275263 | T63: 9 | U63: 9 | V63: 1076 | W63: 34.926388 | X63: 35.964001 | Y63: 8.1429996 | Z63: 0 | AA63: 30.309999 | AB63: 0 | AC63: 62.682362 | AD63: 5.8520002 | AE63: 0 | AF63: 96.20916 | AG63: 0 | AH63: 83.41214 | AI63: 20.548 | AJ63: 29.441738 | AK63: 48.968227 | AL63: 57.431999 | AM63: 57.191002 | AN63: 148.625 | AO63: 80 | AP63: 79.006721 | AQ63: 49.569386 | AR63: 130 | AT63: 122 | AV63: 92 | AX63: 34 | AY63: 35.90007 | AZ63: 23 | BB63: 195 | BC63: 202.54378 | BD63: 7.1999998 | BE63: 7.2887979 | BF63: 30 | BG63: 11 | BH63: 12.188735 | BJ63: =SUM(BK63:BL63) -> 17 | BK63: 17 | BL63: 0 | BN63: =SUM(BO63:BP63) -> 121 | BO63: 73 | BP63: 48 | BQ63: 310 | BR63: 90.363998 | BS63: 26.719 | BT63: 47.105 | BU63: 48.603001 | BV63: 69.699997 | BW63: 6.8000002 | BX63: 13.9 | BY63: 29 | BZ63: 0.013238667 | CA63: 1 | CB63: 29.123178 | CD63: 450.51505 | CE63: 83.281921 | CF63: 29.841667 | CG63: 35.338192 | CH63: 302.46973 | CI63: 113.18497 | CJ63: 52.746758 | CK63: 64.094116 | CL63: 46.863483 | CM63: 331.58774 | CN63: 140.95035 | CO63: 90.19709 | CP63: 97.427719 | CQ63: 0 | CR63: 62.081593 | CS63: 11.945812 | CT63: 49.272575 | CU63: 57.987911 | CV63: 91.507126 | CW63: 3 | CX63: 451 | CY63: 208.18539 | CZ63: 64.555077 | DA63: 23.166653 | DB63: 42.889793 | DC63: 93.972847 | DD63: 670 | DE63: 203 | DF63: 703.35181 | DG63: 93.934471 | DH63: 67.077148 | DI63: 41.037952 | DJ63: 247 | DK63: 145.30099 | DL63: 30.761999 | DM63: 58.845001 | DN63: 52.130001 | DO63: 113.55094 | DP63: 18.518999 | DR63: 67 | DS63: 53.599998 | DT63: 13 | DV63: 173 | DW63: 164.11368 | DX63: 12 | DZ63: 53 | EA63: 3 | EB63: 0 | EC63: 1 | ED63: 849.40002 | EE63: 0 | EF63: #NUM! | EG63: #DIV/0! | EH63: 중소블록
A64: =A63 + TIME(,1,) -> 46020.042 | B64: 290 | C64: 52.702999 | D64: 102.579 | E64: 20.018 | F64: 10.554937 | G64: 19.677999 | H64: 337 | I64: 311 | J64: 68.196999 | K64: 62.249416 | L64: 48.596001 | M64: 14.25 | N64: 16.922001 | O64: 19 | P64: 0 | Q64: 20.220417 | R64: 25.003124 | S64: 25.520166 | T64: 0 | U64: 0 | V64: 1062 | W64: 33.354389 | X64: 34.833 | Y64: 8.5880003 | Z64: 0 | AA64: 28.5 | AB64: 0 | AC64: 61.948914 | AD64: 6.3610001 | AE64: 0 | AF64: 95.640335 | AG64: 0 | AH64: 80.969193 | AI64: 21.947001 | AJ64: 30.050648 | AK64: 48.747993 | AL64: 58.668999 | AM64: 57.445999 | AN64: 147.5 | AO64: 79 | AP64: 78.667587 | AQ64: 50.739594 | AR64: 130 | AT64: 123 | AV64: 98 | AX64: 34 | AY64: 35.90007 | AZ64: 23 | BB64: 193 | BC64: 200.33464 | BD64: 7.3000002 | BE64: 7.2705917 | BF64: 30 | BG64: 11 | BH64: 12.230678 | BJ64: =SUM(BK64:BL64) -> 16 | BK64: 16 | BL64: 0 | BN64: =SUM(BO64:BP64) -> 122.2 | BO64: 74 | BP64: 48.200001 | BQ64: 309 | BR64: 92.400002 | BS64: 26.209999 | BT64: 46.411999 | BU64: 44.977001 | BV64: 70.099998 | BW64: 6.9000001 | BX64: 13.8 | BY64: 28 | BZ64: 0.01411673 | CA64: 0 | CB64: 29.428186 | CD64: 436.10315 | CE64: 83.126137 | CF64: 31.536922 | CG64: 35.338192 | CH64: 301.82297 | CI64: 113.49419 | CJ64: 52.749615 | CK64: 63.54174 | CL64: 45.159401 | CM64: 331.58774 | CN64: 140.29059 | CO64: 90.438713 | CP64: 94.630135 | CQ64: 0 | CR64: 63.228893 | CS64: 11.754724 | CT64: 46.357376 | CU64: 61.583393 | CV64: 91.507126 | CW64: 1 | CX64: 449 | CY64: 208.49115 | CZ64: 64.238319 | DA64: 22.680464 | DB64: 43.001839 | DC64: 92.665253 | DD64: 660 | DE64: 204 | DF64: 703.54749 | DG64: 97.745148 | DH64: 64.290741 | DI64: 42.842262 | DJ64: 249 | DK64: 145.556 | DL64: 31.327 | DM64: 63.263 | DN64: 53.721001 | DO64: 114.7437 | DP64: 17.021 | DR64: 67 | DS64: 52.900002 | DT64: 13 | DV64: 176 | DW64: 163.89935 | DX64: 12 | DZ64: 51 | EA64: 3 | EB64: 0 | EC64: 1 | ED64: 851 | EE64: 9 | EF64: 10 | EG64: 10.366667 | EH64: 고다시중합
A65: =A64 + TIME(,1,) -> 46020.042 | B65: 289 | C65: 53.381001 | D65: 103.37 | E65: 20.583 | F65: 16.481834 | G65: 20.583 | H65: 340 | I65: 310 | J65: 69.780998 | K65: 61.953983 | L65: 46.652 | M65: 14.25 | N65: 16.794001 | O65: 17 | P65: 0 | Q65: 18.416594 | R65: 25.003124 | S65: 26.430796 | T65: 0 | U65: 0 | V65: 1059 | W65: 32.550034 | X65: 35.964001 | Y65: 8.4610004 | Z65: 0 | AA65: 27.820999 | AB65: 0 | AC65: 62.989353 | AD65: 6.1069999 | AE65: 0 | AF65: 94.976669 | AG65: 0 | AH65: 75.631203 | AI65: 21.184 | AJ65: 28.482939 | AK65: 49.042278 | AL65: 58.845001 | AM65: 61.136002 | AN65: 145.125 | AO65: 78 | AP65: 77.317101 | AQ65: 50.649117 | AR65: 131 | AT65: 123 | AV65: 98 | AX65: 35 | AY65: 37.527279 | AZ65: 23 | BB65: 191 | BC65: 198.6994 | BD65: 7.4000001 | BE65: 7.2607188 | BF65: 30 | BG65: 11 | BH65: 12.222356 | BJ65: =SUM(BK65:BL65) -> 17 | BK65: 17 | BL65: 0 | BN65: =SUM(BO65:BP65) -> 122 | BO65: 74 | BP65: 48 | BQ65: 315 | BR65: 90.250999 | BS65: 27.737 | BT65: 51.606998 | BU65: 45.422001 | BV65: 69.599998 | BW65: 6.8000002 | BX65: 13.8 | BY65: 28 | BZ65: 0.01411673 | CA65: 1 | CB65: 29.466986 | CD65: 437.54538 | CE65: 86.253197 | CF65: 30.49935 | CG65: 35.338192 | CH65: 302.18137 | CI65: 110.44408 | CJ65: 51.484482 | CK65: 61.210297 | CL65: 45.427689 | CM65: 331.78488 | CN65: 145.39713 | CO65: 92.185333 | CP65: 90.140854 | CQ65: 0 | CR65: 64.189598 | CS65: 11.386024 | CT65: 47.930069 | CU65: 63.108746 | CV65: 90.990181 | CW65: 3 | CX65: 449 | CY65: 209.12299 | CZ65: 65.080521 | DA65: 22.941202 | DB65: 41.541325 | DC65: 91.479553 | DD65: 671 | DE65: 202 | DF65: 701.51923 | DG65: 95.959618 | DH65: 64.580017 | DI65: 40.430016 | DJ65: 255 | DK65: 145.556 | DL65: 32.118999 | DM65: 63.970001 | DN65: 52.66 | DO65: 119.44467 | DP65: 16.908001 | DR65: 67 | DS65: 51.599998 | DT65: 13 | DV65: 176 | DW65: 164.54208 | DX65: 12 | DZ65: 52 | EA65: 3 | EB65: 0 | EC65: 2 | ED65: 845.09998 | EE65: 9 | EF65: 10 | EG65: 10.366667 | EH65: 고다시배유출
A66: =A65 + TIME(,1,) -> 46020.043 | B66: 283 | C66: 56.435001 | D66: 102.353 | E66: 20.923 | F66: 19.626089 | G66: 20.243999 | H66: 340 | I66: 310 | J66: 70.120003 | K66: 62.063412 | L66: 50.009998 | M66: 14.25 | N66: 17.367001 | O66: 19 | P66: 0 | Q66: 19.261589 | R66: 25.003124 | S66: 26.481598 | T66: 0 | U66: 0 | V66: 1059 | W66: 32.550034 | X66: 36.304001 | Y66: 10.496 | Z66: 0 | AA66: 27.708 | AB66: 0 | AC66: 61.473885 | AD66: 5.8520002 | AE66: 0 | AF66: 92.531517 | AG66: 0 | AH66: 76.710564 | AI66: 21.311001 | AJ66: 27.932686 | AK66: 48.884163 | AL66: 60.082001 | AM66: 59.354 | AN66: 145.125 | AO66: 78 | AP66: 77.317101 | AQ66: 52.730743 | AR66: 130 | AT66: 123 | AV66: 98 | AX66: 35 | AY66: 36.605263 | AZ66: 23 | BB66: 191 | BC66: 196.52097 | BD66: 7.3000002 | BE66: 7.2531791 | BF66: 31 | BG66: 11 | BH66: 12.153913 | BJ66: =SUM(BK66:BL66) -> 16 | BK66: 16 | BL66: 0 | BN66: =SUM(BO66:BP66) -> 121 | BO66: 73 | BP66: 48 | BQ66: 312 | BR66: 89.799004 | BS66: 25.701 | BT66: 49.528999 | BU66: 44.977001 | BV66: 68.900002 | BW66: 6.8000002 | BX66: 13.7 | BY66: 30 | BZ66: 0.015265547 | CA66: 0 | CB66: 29.466986 | CD66: 441.65622 | CE66: 86.594994 | CF66: 30.687958 | CG66: 35.338192 | CH66: 303.194 | CI66: 110.88654 | CJ66: 55.378155 | CK66: 58.959438 | CL66: 45.976109 | CM66: 330.57693 | CN66: 145.49193 | CO66: 89.251595 | CP66: 90.297523 | CQ66: 0 | CR66: 63.616493 | CS66: 11.561048 | CT66: 49.179676 | CU66: 65.949326 | CV66: 90.876106 | CW66: 4 | CX66: 444 | CY66: 207.79039 | CZ66: 59.873444 | DA66: 23.491287 | DB66: 41.541325 | DC66: 90.268753 | DD66: 671 | DE66: 204 | DF66: 704.72968 | DG66: 96.723877 | DH66: 62.146278 | DI66: 41.030632 | DJ66: 252 | DK66: 145.556 | DL66: 29.743999 | DM66: 63.617001 | DN66: 51.953999 | DO66: 116.6254 | DP66: 17.530001 | DR66: 67 | DS66: 51.599998 | DT66: 13 | DV66: 178 | DW66: 164.93118 | DX66: 11 | DZ66: 52 | EA66: 3 | EB66: 0 | EC66: 2 | ED66: 845.09998 | EE66: 0 | EF66: 0 | EG66: 0 | EH66: 제대직송(유수암)
A67: =A66 + TIME(,1,) -> 46020.044 | B67: 283 | C67: 56.209 | D67: 103.597 | E67: 21.261999 | F67: 13.679324 | G67: 20.243999 | H67: 344 | I67: 314 | J67: 67.971001 | K67: 62.809811 | L67: 49.655998 | M67: 14.589 | N67: 16.731001 | O67: 17 | P67: 0 | Q67: 17.359098 | R67: 27 | S67: 27.19227 | T67: 0 | U67: 0 | V67: 1061 | W67: 34.04195 | X67: 35.625 | Y67: 8.9060001 | Z67: 0 | AA67: 32.685001 | AB67: 0 | AC67: 62.33036 | AD67: 5.8520002 | AE67: 0 | AF67: 94.28756 | AG67: 0 | AH67: 71.974701 | AI67: 17.621 | AJ67: 26.614426 | AK67: 49.01749 | AL67: 57.608002 | AM67: 61.263 | AN67: 151.75 | AO67: 84 | AP67: 77.238365 | AQ67: 53.00351 | AR67: 127 | AT67: 123 | AV67: 89 | AX67: 35 | AY67: 37.06921 | AZ67: 23 | BB67: 270 | BC67: 229.1282 | BD67: 7.1999998 | BE67: 7.2560568 | BF67: 31 | BG67: 11 | BH67: 12.160637 | BJ67: =SUM(BK67:BL67) -> 16 | BK67: 16 | BL67: 0 | BN67: =SUM(BO67:BP67) -> 123.3 | BO67: 75 | BP67: 48.299999 | BQ67: 312 | BR67: 96.358002 | BS67: 25.701 | BT67: 50.568001 | BU67: 45.486 | BV67: 69 | BW67: 6.6999998 | BX67: 13.7 | BY67: 28 | BZ67: 0.015278176 | CA67: 0 | CB67: 29.551712 | CD67: 435.81595 | CE67: 85.577827 | CF67: 30.278557 | CG67: 35.338192 | CH67: 302.94629 | CI67: 108.11212 | CJ67: 54.040436 | CK67: 59.194389 | CL67: 45.106209 | CM67: 328.16275 | CN67: 143.67284 | CO67: 88.994972 | CP67: 92.012253 | CQ67: 0 | CR67: 62.482227 | CS67: 11.771152 | CT67: 50.094196 | CU67: 62.601097 | CV67: 91.912575 | CW67: 4 | CX67: 443 | CY67: 208.5545 | CZ67: 60.727016 | DA67: 24.966322 | DB67: 41.712868 | DC67: 90.621803 | DD67: 672 | DE67: 204 | DF67: 704.66931 | DG67: 96.286415 | DH67: 64.1231 | DI67: 41.294373 | DJ67: 252 | DK67: 145.556 | DL67: 29.743999 | DM67: 64.5 | DN67: 51.953999 | DO67: 114.61246 | DP67: 16.879 | DR67: 67 | DS67: 52.599998 | DT67: 13 | DV67: 175 | DW67: 164.34389 | DX67: 11 | DZ67: 52 | EA67: 3 | EB67: 0 | EC67: 1 | ED67: 846.70001 | EE67: 0 | EF67: #NUM! | EG67: #DIV/0! | EH67: 어승생1
A68: =A67 + TIME(,1,) -> 46020.044 | B68: 277 | C68: 57.566002 | D68: 100.769 | E68: 20.583 | F68: 1.5182375 | G68: 20.583 | H68: 341 | I68: 309 | J68: 69.214996 | K68: 61.961082 | L68: 47.712002 | M68: 15.155 | N68: 18.129999 | O68: 19 | P68: 0 | Q68: 19.150774 | R68: 24 | S68: 25.64138 | T68: 0 | U68: 0 | V68: 1049 | W68: 34.510368 | X68: 35.512001 | Y68: 8.9700003 | Z68: 0 | AA68: 27.820999 | AB68: 0 | AC68: 62.524521 | AD68: 5.8520002 | AE68: 0 | AF68: 93.577774 | AG68: 0 | AH68: 71.974701 | AI68: 19.657 | AJ68: 28.261091 | AK68: 49.11533 | AL68: 57.431999 | AM68: 61.263 | AN68: 151 | AO68: 81 | AP68: 77.257324 | AQ68: 51.588627 | AR68: 127 | AT68: 124 | AV68: 89 | AX68: 34 | AY68: 37.200939 | AZ68: 22 | BB68: 289 | BC68: 297.02252 | BD68: 7.1999998 | BE68: 7.2498331 | BF68: 30 | BG68: 11 | BH68: 12.094184 | BJ68: =SUM(BK68:BL68) -> 17 | BK68: 17 | BL68: 0 | BN68: =SUM(BO68:BP68) -> 123.3 | BO68: 75 | BP68: 48.299999 | BQ68: 315 | BR68: 89.572998 | BS68: 27.482 | BT68: 49.875 | BU68: 46.695 | BV68: 68.699997 | BW68: 6.6999998 | BX68: 13.8 | BY68: 28 | BZ68: 0.015342652 | CA68: 0 | CB68: 29.167093 | CD68: 442.85532 | CE68: 84.476494 | CF68: 30.073709 | CG68: 35.338192 | CH68: 302.37082 | CI68: 107.4577 | CJ68: 53.93882 | CK68: 61.071217 | CL68: 43.499847 | CM68: 325.83215 | CN68: 143.02478 | CO68: 90.757317 | CP68: 86.567528 | CQ68: 0 | CR68: 64.502693 | CS68: 11.632039 | CT68: 51.639412 | CU68: 64.421768 | CV68: 90.488899 | CW68: 4 | CX68: 452 | CY68: 207.75052 | CZ68: 60.727016 | DA68: 24.941484 | DB68: 42.967785 | DC68: 93.959602 | DD68: 654 | DE68: 204 | DF68: 699.4906 | DG68: 92.069626 | DH68: 63.365894 | DI68: 40.03331 | DJ68: 241 | DK68: 142.248 | DL68: 30.195999 | DM68: 63.617001 | DN68: 49.655998 | DO68: 115.39987 | DP68: 17.302999 | DR68: 67 | DS68: 53.200001 | DT68: 13 | DV68: 173 | DW68: 165.38638 | DX68: 11 | DZ68: 49 | EA68: 3 | EB68: 0 | EC68: 1 | ED68: 840.5 | EE68: 119.2 | EF68: 119.38333 | EG68: 120.48 | EH68: 도련1,2호 합
A69: =A68 + TIME(,1,) -> 46020.045 | B69: 275 | C69: 56.887001 | D69: 100.769 | E69: 20.469999 | F69: 1.8005707 | G69: 20.131001 | H69: 345 | I69: 309 | J69: 68.988998 | K69: 63.367771 | L69: 50.186001 | M69: 14.25 | N69: 17.684999 | O69: 20 | P69: 0 | Q69: 20.582291 | R69: 24 | S69: 24.819002 | T69: 0 | U69: 0 | V69: 1055 | W69: 33.545612 | X69: 34.268002 | Y69: 8.4610004 | Z69: 0 | AA69: 28.839001 | AB69: 0 | AC69: 62.058239 | AD69: 6.1069999 | AE69: 0 | AF69: 93.980766 | AG69: 0 | AH69: 71.900955 | AI69: 20.421 | AJ69: 29.599121 | AK69: 49.351162 | AL69: 57.431999 | AM69: 61.263 | AN69: 152.5 | AO69: 82 | AP69: 77.855713 | AQ69: 55.624752 | AR69: 125 | AT69: 123 | AV69: 91 | AX69: 34 | AY69: 36.103233 | AZ69: 21 | BB69: 291 | BC69: 299.29855 | BD69: 7.1999998 | BE69: 7.2377939 | BF69: 30 | BG69: 11 | BH69: 12.08861 | BJ69: =SUM(BK69:BL69) -> 17 | BK69: 17 | BL69: 0 | BN69: =SUM(BO69:BP69) -> 122.2 | BO69: 74 | BP69: 48.200001 | BQ69: 314 | BR69: 91.608002 | BS69: 27.482 | BT69: 47.451 | BU69: 45.104 | BV69: 68.300003 | BW69: 6.9000001 | BX69: 13.5 | BY69: 28 | BZ69: 0.011794925 | CA69: 0 | CB69: 29.076513 | CD69: 440.57898 | CE69: 85.936134 | CF69: 30.929951 | CG69: 35.338192 | CH69: 302.38449 | CI69: 111.70471 | CJ69: 53.510773 | CK69: 60.565029 | CL69: 44.852737 | CM69: 322.79105 | CN69: 142.09846 | CO69: 89.961922 | CP69: 85.187309 | CQ69: 0 | CR69: 62.004021 | CS69: 11.705122 | CT69: 51.69957 | CU69: 66.20015 | CV69: 90.716125 | CW69: 4 | CX69: 447 | CY69: 202.9021 | CZ69: 63.203442 | DA69: 25.74202 | DB69: 43.173561 | DC69: 93.93364 | DD69: 654 | DE69: 204 | DF69: 691.07404 | DG69: 93.951721 | DH69: 63.118786 | DI69: 40.214031 | DJ69: 241 | DK69: 142.248 | DL69: 30.423 | DM69: 59.199001 | DN69: 51.599998 | DO69: 116.27494 | DP69: 17.049 | DR69: 67 | DS69: 53.099998 | DT69: 13 | DV69: 170 | DW69: 164.89377 | DX69: 11 | DZ69: 47 | EA69: 3 | EB69: 0 | EC69: 1 | ED69: 836 | EE69: 71 | EF69: 71 | EG69: 72.266667 | EH69: 도련1취수
A70: =A69 + TIME(,1,) -> 46020.046 | B70: 271 | C70: 56.096001 | D70: 99.638 | E70: 19.226 | F70: 1.7777706 | G70: 20.923 | H70: 344 | I70: 308 | J70: 71.250999 | K70: 62.118992 | L70: 50.186001 | M70: 14.25 | N70: 17.812 | O70: 19 | P70: 0 | Q70: 20.510786 | R70: 25.996876 | S70: 25.516447 | T70: 0 | U70: 0 | V70: 1052 | W70: 32.865437 | X70: 34.946999 | Y70: 8.5880003 | Z70: 0 | AA70: 27.934999 | AB70: 0 | AC70: 61.904556 | AD70: 6.1069999 | AE70: 0 | AF70: 95.123581 | AG70: 0 | AH70: 71.243111 | AI70: 21.247999 | AJ70: 29.191509 | AK70: 49.707458 | AL70: 58.492001 | AM70: 59.862999 | AN70: 147.4375 | AO70: 81 | AP70: 76.205116 | AQ70: 52.741646 | AR70: 127 | AT70: 124 | AV70: 90 | AX70: 34 | AY70: 36.161415 | AZ70: 21 | BB70: 295 | BC70: 299.9025 | BD70: 7.1999998 | BE70: 7.2165642 | BF70: 30 | BG70: 11 | BH70: 12.08861 | BJ70: =SUM(BK70:BL70) -> 17 | BK70: 17 | BL70: 0 | BN70: =SUM(BO70:BP70) -> 123 | BO70: 75 | BP70: 48 | BQ70: 316 | BR70: 91.834999 | BS70: 26.973 | BT70: 50.222 | BU70: 44.977001 | BV70: 68.300003 | BW70: 6.9000001 | BX70: 13.6 | BY70: 27 | BZ70: 0.015196368 | CA70: 0 | CB70: 29.076513 | CD70: 434.76434 | CE70: 86.768127 | CF70: 29.824339 | CG70: 35.338192 | CH70: 302.09918 | CI70: 110.84909 | CJ70: 55.847752 | CK70: 58.831337 | CL70: 44.384212 | CM70: 319.27121 | CN70: 137.53128 | CO70: 88.510452 | CP70: 89.485512 | CQ70: 0 | CR70: 59.82476 | CS70: 11.590154 | CT70: 51.651905 | CU70: 64.569756 | CV70: 90.63829 | CW70: 3 | CX70: 447 | CY70: 206.646 | CZ70: 63.934692 | DA70: 23.121084 | DB70: 40.222183 | DC70: 94.219322 | DD70: 665 | DE70: 200 | DF70: 687.84161 | DG70: 94.474121 | DH70: 62.768791 | DI70: 39.621948 | DJ70: 247 | DK70: 143.774 | DL70: 31.441 | DM70: 59.199001 | DN70: 52.130001 | DO70: 115.89688 | DP70: 17.162001 | DR70: 67 | DS70: 52.700001 | DT70: 13 | DV70: 175 | DW70: 164.72984 | DX70: 10 | DZ70: 50 | EA70: 3 | EB70: 0 | EC70: 1 | ED70: 832.70001 | EE70: 47.200001 | EF70: 47.766666 | EG70: 48.151667 | EH70: 도련2취수
A71: =A70 + TIME(,1,) -> 46020.047 | B71: 280 | C71: 52.702999 | D71: 101.561 | E71: 16.851 | F71: 6.1527786 | G71: 21.035999 | H71: 343 | I71: 314 | J71: 70.233002 | K71: 63.149479 | L71: 49.655998 | M71: 13.797 | N71: 16.540001 | O71: 19 | P71: 0 | Q71: 20.87372 | R71: 22.996876 | S71: 25.843672 | T71: 0 | U71: 0 | V71: 1055 | W71: 33.15456 | X71: 34.833 | Y71: 10.051 | Z71: 0 | AA71: 33.476002 | AB71: 0 | AC71: 61.132332 | AD71: 6.3610001 | AE71: 0 | AF71: 94.568069 | AG71: 0 | AH71: 72.710342 | AI71: 18.066999 | AJ71: 28.366867 | AK71: 48.696136 | AL71: 57.785 | AM71: 58.400002 | AN71: 146.75 | AO71: 79 | AP71: 76.211502 | AQ71: 48.064991 | AR71: 127 | AT71: 124 | AV71: 91 | AX71: 34 | AY71: 36.235241 | AZ71: 21 | BB71: 299 | BC71: 304.83398 | BD71: 7.0999999 | BE71: 7.1802344 | BF71: 30 | BG71: 12 | BH71: 12.431575 | BJ71: =SUM(BK71:BL71) -> 17 | BK71: 17 | BL71: 0 | BN71: =SUM(BO71:BP71) -> 123.2 | BO71: 75 | BP71: 48.200001 | BQ71: 310 | BR71: 87.650002 | BS71: 26.973 | BT71: 47.451 | BU71: 45.230999 | BV71: 69.400002 | BW71: 7 | BX71: 13.6 | BY71: 27 | BZ71: 0.014619959 | CA71: 0 | CB71: 29.216768 | CD71: 436.04297 | CE71: 87.110649 | CF71: 29.899719 | CG71: 35.338192 | CH71: 303.12375 | CI71: 109.23132 | CJ71: 54.616943 | CK71: 58.507744 | CL71: 44.046654 | CM71: 316.41544 | CN71: 136.2775 | CO71: 89.855545 | CP71: 85.508423 | CQ71: 0 | CR71: 64.095955 | CS71: 11.296386 | CT71: 47.452503 | CU71: 65.229927 | CV71: 91.139153 | CW71: 6 | CX71: 447 | CY71: 205.37088 | CZ71: 65.636993 | DA71: 22.950714 | DB71: 40.361969 | DC71: 91.77961 | DD71: 646 | DE71: 200 | DF71: 680.44098 | DG71: 94.504425 | DH71: 62.258228 | DI71: 40.474331 | DJ71: 249 | DK71: 144.283 | DL71: 29.518 | DM71: 61.319 | DN71: 54.604 | DO71: 112.90827 | DP71: 16.257 | DR71: 67 | DS71: 51.799999 | DT71: 13 | DV71: 177 | DW71: 164.76389 | DX71: 10 | DZ71: 49 | EA71: 3 | EB71: 0 | EC71: 1 | ED71: 821.20001 | EE71: 255 | EF71: 257.5 | EG71: 262.36667 | EH71: 주공배유출
A72: =A71 + TIME(,1,) -> 46020.047 | B72: 272 | C72: 53.154999 | D72: 101.448 | E72: 16.511999 | F72: 2.1906691 | G72: 20.131001 | H72: 339 | I72: 313 | J72: 69.780998 | K72: 63.685528 | L72: 49.303001 | M72: 14.137 | N72: 17.875999 | O72: 21 | P72: 0 | Q72: 21.627651 | R72: 25.003124 | S72: 27.014559 | T72: 0 | U72: 0 | V72: 1047 | W72: 32.225166 | X72: 36.077999 | Y72: 9.0970001 | Z72: 0 | AA72: 33.137001 | AB72: 0 | AC72: 63.318104 | AD72: 6.1069999 | AE72: 0 | AF72: 95.180428 | AG72: 0 | AH72: 73.084633 | AI72: 18.576 | AJ72: 26.714582 | AK72: 47.739635 | AL72: 59.199001 | AM72: 58.146 | AN72: 142.8125 | AO72: 78 | AP72: 74.68856 | AQ72: 49.090389 | AR72: 128 | AT72: 124 | AV72: 98 | AX72: 34 | AY72: 35.111893 | AZ72: 22 | BB72: 301 | BC72: 307.28601 | BD72: 7.0999999 | BE72: 7.216208 | BF72: 30 | BG72: 11 | BH72: 11.97347 | BJ72: =SUM(BK72:BL72) -> 17 | BK72: 17 | BL72: 0 | BN72: =SUM(BO72:BP72) -> 123.2 | BO72: 75 | BP72: 48.200001 | BQ72: 310 | BR72: 92.513 | BS72: 26.464001 | BT72: 49.182999 | BU72: 43.895 | BV72: 68.900002 | BW72: 6.9000001 | BX72: 13.5 | BY72: 28 | BZ72: 0.015237233 | CA72: 0 | CB72: 29.109716 | CD72: 431.99893 | CE72: 84.974899 | CF72: 30.327696 | CG72: 35.338192 | CH72: 301.91132 | CI72: 107.29041 | CJ72: 51.150043 | CK72: 60.340214 | CL72: 44.222504 | CM72: 316.18723 | CN72: 139.86777 | CO72: 87.822433 | CP72: 81.451958 | CQ72: 0 | CR72: 62.92799 | CS72: 11.997809 | CT72: 50.200554 | CU72: 67.606178 | CV72: 89.842613 | CW72: 4 | CX72: 446 | CY72: 206.30557 | CZ72: 65.733093 | DA72: 22.595329 | DB72: 40.035072 | DC72: 91.708214 | DD72: 637 | DE72: 202 | DF72: 666.52197 | DG72: 92.535599 | DH72: 62.4006 | DI72: 42.147442 | DJ72: 238 | DK72: 143.26601 | DL72: 27.820999 | DM72: 59.551998 | DN72: 55.487999 | DO72: 112.52055 | DP72: 16.257 | DR72: 67 | DS72: 51.799999 | DT72: 13 | DV72: 175 | DW72: 164.62389 | DX72: 11 | DZ72: 46 | EA72: 3 | EB72: 0 | EC72: 1 | ED72: 809.59998 | EE72: 61.185001 | EF72: 62.862834 | EG72: 66.080383 | EH72: 도련1
A73: =A72 + TIME(,1,) -> 46020.048 | B73: 276 | C73: 53.494999 | D73: 99.412003 | E73: 18.660999 | F73: 21.177134 | G73: 19.452 | H73: 342 | I73: 309 | J73: 69.554001 | K73: 62.294605 | L73: 49.655998 | M73: 14.363 | N73: 18.194 | O73: 19 | P73: 0 | Q73: 18.896486 | R73: 27 | S73: 27.950905 | T73: 0 | U73: 0 | V73: 1047 | W73: 34.146114 | X73: 36.756001 | Y73: 9.033 | Z73: 0 | AA73: 32.798 | AB73: 0 | AC73: 61.820198 | AD73: 5.8520002 | AE73: 0 | AF73: 95.060745 | AG73: 0 | AH73: 71.020233 | AI73: 21.502001 | AJ73: 25.201523 | AK73: 47.426281 | AL73: 59.729 | AM73: 59.862999 | AN73: 144.8125 | AO73: 78 | AP73: 74.218376 | AQ73: 50.057785 | AR73: 129 | AT73: 124 | AV73: 99 | AX73: 32 | AY73: 34.371445 | AZ73: 22 | BB73: 303 | BC73: 307.28601 | BD73: 7.1999998 | BE73: 7.2140145 | BF73: 29 | BG73: 11 | BH73: 11.787383 | BJ73: =SUM(BK73:BL73) -> 17 | BK73: 17 | BL73: 0 | BN73: =SUM(BO73:BP73) -> 123.2 | BO73: 75 | BP73: 48.200001 | BQ73: 322 | BR73: 89.912003 | BS73: 26.209999 | BT73: 46.064999 | BU73: 43.386002 | BV73: 68.5 | BW73: 6.5999999 | BX73: 13.5 | BY73: 28 | BZ73: 0.014787472 | CA73: 0 | CB73: 29.171705 | CD73: 429.84119 | CE73: 85.654999 | CF73: 29.050232 | CG73: 35.338192 | CH73: 302.32303 | CI73: 103.46677 | CJ73: 48.650665 | CK73: 59.96661 | CL73: 44.478279 | CM73: 314.99158 | CN73: 141.20903 | CO73: 87.89267 | CP73: 82.117737 | CQ73: 0 | CR73: 63.231743 | CS73: 12.27669 | CT73: 54.144032 | CU73: 69.329567 | CV73: 91.941406 | CW73: 4 | CX73: 441 | CY73: 208.91165 | CZ73: 63.731815 | DA73: 23.792423 | DB73: 41.761829 | DC73: 89.632248 | DD73: 628 | DE73: 202 | DF73: 637.92462 | DG73: 91.858833 | DH73: 64.305412 | DI73: 42.314281 | DJ73: 243 | DK73: 139.957 | DL73: 27.256001 | DM73: 58.668999 | DN73: 53.896999 | DO73: 114.61951 | DP73: 16.738001 | DR73: 67 | DS73: 50 | DT73: 13 | DV73: 171 | DW73: 164.79224 | DX73: 10 | DZ73: 47 | EA73: 3 | EB73: 0 | EC73: 1 | ED73: 773.29999 | EE73: 12.723 | EF73: 22.901667 | EG73: 24.101983 | EH73: 도련2
A74: =A73 + TIME(,1,) -> 46020.049 | B74: 275 | C74: 55.983002 | D74: 100.43 | E74: 17.643 | F74: 42.437141 | G74: 20.018 | H74: 345 | I74: 314 | J74: 71.363998 | K74: 62.294605 | L74: 50.362999 | M74: 14.815 | N74: 17.302999 | O74: 18 | P74: 0 | Q74: 18.45253 | R74: 25.003124 | S74: 26.940737 | T74: 9 | U74: 9 | V74: 1048 | W74: 33.43362 | X74: 36.981998 | Y74: 8.7150002 | Z74: 0 | AA74: 27.594999 | AB74: 0 | AC74: 59.880493 | AD74: 5.598 | AE74: 0 | AF74: 92.914833 | AG74: 0 | AH74: 72.321594 | AI74: 17.493999 | AJ74: 27.749884 | AK74: 48.083988 | AL74: 57.255001 | AM74: 58.209 | AN74: 135.75 | AO74: 75 | AP74: 73.350693 | AQ74: 45.527584 | AR74: 128 | AT74: 124 | AV74: 99 | AX74: 34 | AY74: 35.260349 | AZ74: 22 | BB74: 303 | BC74: 309.43204 | BD74: 7.1999998 | BE74: 7.2140145 | BF74: 29 | BG74: 11 | BH74: 11.787383 | BJ74: =SUM(BK74:BL74) -> 17 | BK74: 17 | BL74: 0 | BN74: =SUM(BO74:BP74) -> 122.2 | BO74: 74 | BP74: 48.200001 | BQ74: 307 | BR74: 89.912003 | BS74: 24.937 | BT74: 47.451 | BU74: 43.640999 | BV74: 68.300003 | BW74: 6.6999998 | BX74: 13.5 | BY74: 28 | BZ74: 0.014161303 | CA74: 0 | CB74: 29.262796 | CD74: 429.84119 | CE74: 84.220001 | CF74: 28.761248 | CG74: 35.338192 | CH74: 302.698 | CI74: 104.38311 | CJ74: 49.577877 | CK74: 59.558632 | CL74: 45.426434 | CM74: 329.57874 | CN74: 151.06946 | CO74: 88.370216 | CP74: 85.706108 | CQ74: 0 | CR74: 63.347992 | CS74: 11.520919 | CT74: 49.14571 | CU74: 65.100555 | CV74: 91.617867 | CW74: 4 | CX74: 438 | CY74: 207.09535 | CZ74: 60.795731 | DA74: 22.266859 | DB74: 41.567272 | DC74: 89.5662 | DD74: 525 | DE74: 200 | DF74: 510.73517 | DG74: 91.508804 | DH74: 62.489403 | DI74: 41.908905 | DJ74: 241 | DK74: 136.395 | DL74: 30.649 | DM74: 57.962002 | DN74: 50.186001 | DO74: 114.96214 | DP74: 17.614 | DR74: 67 | DS74: 50.5 | DT74: 13 | DV74: 171 | DW74: 164.08298 | DX74: 10 | DZ74: 47 | EA74: 3 | EB74: 0 | EC74: 1 | ED74: 647 | EE74: 39.485001 | EF74: 40.176998 | EG74: 40.656465 | EH74: 도련3
A75: =A74 + TIME(,1,) -> 46020.049 | B75: 299 | C75: 58.810001 | D75: 100.882 | E75: 22.844999 | F75: 38.34063 | G75: 20.018 | H75: 345 | I75: 309 | J75: 71.476997 | K75: 63.332031 | L75: 47.889 | M75: 15.041 | N75: 16.922001 | O75: 20 | P75: 0 | Q75: 20.924179 | R75: 24 | S75: 25.439175 | T75: 9 | U75: 9 | V75: 1049 | W75: 34.04266 | X75: 37.209 | Y75: 8.2060003 | Z75: 0 | AA75: 32.006001 | AB75: 0 | AC75: 62.006241 | AD75: 6.1069999 | AE75: 0 | AF75: 94.154884 | AG75: 0 | AH75: 74.838043 | AI75: 17.176001 | AJ75: 26.055593 | AK75: 49.272392 | AL75: 57.962002 | AM75: 57.000999 | AN75: 138.75 | AO75: 75 | AP75: 74.141975 | AQ75: 46.964516 | AR75: 88 | AT75: 121 | AV75: 99 | AX75: 34 | AY75: 35.260349 | AZ75: 21 | BB75: 305 | BC75: 310.66177 | BD75: 7.1999998 | BE75: 7.2184138 | BF75: 29 | BG75: 11 | BH75: 11.728302 | BJ75: =SUM(BK75:BL75) -> 17 | BK75: 17 | BL75: 0 | BN75: =SUM(BO75:BP75) -> 122 | BO75: 74 | BP75: 48 | BQ75: 302 | BR75: 89.799004 | BS75: 25.445999 | BT75: 47.451 | BU75: 43.195999 | BV75: 68.5 | BW75: 7 | BX75: 13.5 | BY75: 30 | BZ75: 0.014859172 | CA75: 0 | CB75: 29.884403 | CD75: 437.56296 | CE75: 85.328903 | CF75: 28.741451 | CG75: 35.338192 | CH75: 302.35477 | CI75: 106.24742 | CJ75: 52.872341 | CK75: 58.82679 | CL75: 44.098328 | CM75: 322.12637 | CN75: 148.94435 | CO75: 88.238617 | CP75: 83.575821 | CQ75: 0 | CR75: 62.40406 | CS75: 12.046438 | CT75: 53.794369 | CU75: 62.720291 | CV75: 89.64563 | CW75: 2 | CX75: 440 | CY75: 206.74231 | CZ75: 62.466354 | DA75: 21.129242 | DB75: 40.0802 | DC75: 88.583847 | DD75: 309 | DE75: 193 | DF75: 280.75089 | DG75: 96.457169 | DH75: 61.414982 | DI75: 40.069813 | DJ75: 241 | DK75: 133.59599 | DL75: 29.405001 | DM75: 57.962002 | DN75: 50.186001 | DO75: 114.71191 | DP75: 17.671 | DR75: 67 | DS75: 50 | DT75: 13 | DV75: 174 | DW75: 164.73892 | DX75: 10 | DZ75: 50 | EA75: 3 | EB75: 0 | EC75: 1 | ED75: 434.89999 | EE75: 28.754 | EF75: 32.974499 | EG75: 33.601083 | EH75: 도련4
A76: =A75 + TIME(,1,) -> 46020.05 | B76: 294 | C76: 55.983002 | D76: 100.317 | E76: 22.052999 | F76: 38.949951 | G76: 19.905001 | H76: 344 | I76: 311 | J76: 70.233002 | K76: 62.037312 | L76: 46.828999 | M76: 15.155 | N76: 16.794001 | O76: 19 | P76: 0 | Q76: 20.254175 | R76: 22.996876 | S76: 24.40794 | T76: 9 | U76: 9 | V76: 1048 | W76: 33.815529 | X76: 37.209 | Y76: 8.9700003 | Z76: 0 | AA76: 30.083 | AB76: 0 | AC76: 62.066868 | AD76: 5.8520002 | AE76: 0 | AF76: 95.284325 | AG76: 0 | AH76: 73.554527 | AI76: 17.176001 | AJ76: 27.921055 | AK76: 48.164837 | AL76: 59.021999 | AM76: 57.127998 | AN76: 139.9375 | AO76: 76 | AP76: 74.552711 | AQ76: 47.899467 | AR76: 83 | AT76: 121 | AV76: 91 | AX76: 34 | AY76: 35.660797 | AZ76: 21 | BB76: 307 | BC76: 310.88397 | BD76: 7.1999998 | BE76: 7.2184138 | BF76: 29 | BG76: 11 | BH76: 11.728302 | BJ76: =SUM(BK76:BL76) -> 17 | BK76: 17 | BL76: 0 | BN76: =SUM(BO76:BP76) -> 121.3 | BO76: 74 | BP76: 47.299999 | BQ76: 302 | BR76: 92.851997 | BS76: 25.955 | BT76: 46.064999 | BU76: 43.068001 | BV76: 69.099998 | BW76: 7 | BX76: 13.5 | BY76: 29 | BZ76: 0.014353304 | CA76: 0 | CB76: 29.336636 | CD76: 435.48596 | CE76: 83.813202 | CF76: 29.371223 | CG76: 35.338192 | CH76: 302.4389 | CI76: 107.95836 | CJ76: 52.400532 | CK76: 59.834137 | CL76: 43.321323 | CM76: 283.0148 | CN76: 102.37096 | CO76: 88.829781 | CP76: 83.351593 | CQ76: 0 | CR76: 62.108067 | CS76: 10.761276 | CT76: 50.254925 | CU76: 69.018013 | CV76: 88.399658 | CW76: 2 | CX76: 430 | CY76: 202.13887 | CZ76: 58.261642 | DA76: 21.956785 | DB76: 36.299347 | DC76: 88.67485 | DD76: 115 | DE76: 190 | DF76: 127.19897 | DG76: 89.895859 | DH76: 64.042038 | DI76: 40.165741 | DJ76: 241 | DK76: 139.703 | DL76: 28.160999 | DM76: 57.962002 | DN76: 53.896999 | DO76: 113.52618 | DP76: 16.823 | DR76: 67 | DS76: 50.900002 | DT76: 13 | DV76: 174 | DW76: 164.03368 | DX76: 11 | DZ76: 50 | EA76: 3 | EB76: 0 | EC76: 1 | ED76: 301.70001 | EE76: 67.5 | EF76: 67.883335 | EG76: 68.996667 | EH76: 명도암배유출
A77: =A76 + TIME(,1,) -> 46020.051 | B77: 299 | C77: 53.494999 | D77: 101.109 | E77: 21.940001 | F77: 39.792393 | G77: 19.792 | H77: 338 | I77: 309 | J77: 68.875999 | K77: 62.737381 | L77: 49.48 | M77: 14.024 | N77: 17.367001 | O77: 20 | P77: 0 | Q77: 20.9821 | R77: 22.996876 | S77: 22.266218 | T77: 9 | U77: 9 | V77: 1045 | W77: 34.851028 | X77: 37.095001 | Y77: 7.506 | Z77: 0 | AA77: 28.726 | AB77: 0 | AC77: 63.891743 | AD77: 6.1069999 | AE77: 0 | AF77: 90.701584 | AG77: 0 | AH77: 71.494781 | AI77: 18.129999 | AJ77: 29.264679 | AK77: 47.290504 | AL77: 58.668999 | AM77: 59.672001 | AN77: 143.9375 | AO77: 76 | AP77: 74.06752 | AQ77: 47.466461 | AR77: 82 | AT77: 121 | AV77: 91 | AX77: 33 | AY77: 36.073605 | AZ77: 21 | BB77: 308 | BC77: 310.88992 | BD77: 7.1999998 | BE77: 7.2511973 | BF77: 29 | BG77: 11 | BH77: 11.735085 | BJ77: =SUM(BK77:BL77) -> 17 | BK77: 17 | BL77: 0 | BN77: =SUM(BO77:BP77) -> 122 | BO77: 74 | BP77: 48 | BQ77: 305 | BR77: 89.685997 | BS77: 26.464001 | BT77: 44.334 | BU77: 43.068001 | BV77: 69.699997 | BW77: 6.6999998 | BX77: 13.5 | BY77: 29 | BZ77: 0.015195649 | CA77: 0 | CB77: 29.250298 | CD77: 432.8364 | CE77: 82.924049 | CF77: 28.362619 | CG77: 35.338192 | CH77: 302.13477 | CI77: 109.47935 | CJ77: 52.916412 | CK77: 59.963787 | CL77: 43.961597 | CM77: 248.35951 | CN77: 77.73616 | CO77: 88.780167 | CP77: 78.521851 | CQ77: 0 | CR77: 60.596466 | CS77: 12.490767 | CT77: 51.800365 | CU77: 69.539886 | CV77: 87.494255 | CW77: 5 | CX77: 430 | CY77: 202.3578 | CZ77: 60.55463 | DA77: 22.606667 | DB77: 39.102673 | DC77: 89.667595 | DD77: 97 | DE77: 190 | DF77: 127.54222 | DG77: 89.903389 | DH77: 63.786324 | DI77: 39.441467 | DJ77: 242 | DK77: 138.94 | DL77: 27.820999 | DM77: 58.668999 | DN77: 52.306999 | DO77: 113.01019 | DP77: 16.681 | DR77: 67 | DS77: 50.400002 | DT77: 13 | DV77: 172 | DW77: 164.03368 | DX77: 10 | DZ77: 48 | EA77: 3 | EB77: 0 | EC77: 1 | ED77: 303.89999 | EE77: 5.5999999 | EF77: 5.6333332 | EG77: 5.7833334 | EH77: 봉개배유출
A78: =A77 + TIME(,1,) -> 46020.051 | B78: 297 | C78: 54.512001 | D78: 100.995 | E78: 21.601 | F78: 38.472515 | G78: 19.792 | H78: 347 | I78: 316 | J78: 74.530998 | K78: 68.185905 | L78: 48.243 | M78: 13.91 | N78: 17.302999 | O78: 19 | P78: 0 | Q78: 19.545502 | R78: 21 | S78: 21.875807 | T78: 9 | U78: 9 | V78: 1022 | W78: 33.307873 | X78: 37.095001 | Y78: 7.506 | Z78: 0 | AA78: 26.917 | AB78: 0 | AC78: 62.26535 | AD78: 6.1069999 | AE78: 0 | AF78: 89.744553 | AG78: 0 | AH78: 74.025024 | AI78: 16.604 | AJ78: 26.533125 | AK78: 48.613449 | AL78: 57.431999 | AM78: 58.337002 | AN78: 143.9375 | AO78: 76 | AP78: 74.137856 | AQ78: 48.674522 | AR78: 83 | AT78: 122 | AV78: 90 | AX78: 34 | AY78: 36.073605 | AZ78: 21 | BB78: 306 | BC78: 310.82538 | BD78: 7.1999998 | BE78: 7.2380109 | BF78: 29 | BG78: 11 | BH78: 11.681043 | BJ78: =SUM(BK78:BL78) -> 17 | BK78: 17 | BL78: 0 | BN78: =SUM(BO78:BP78) -> 123 | BO78: 75 | BP78: 48 | BQ78: 309 | BR78: 94.209999 | BS78: 26.464001 | BT78: 42.602001 | BU78: 42.75 | BV78: 69.900002 | BW78: 6.5 | BX78: 13.5 | BY78: 28 | BZ78: 0.015540875 | CA78: 0 | CB78: 29.396988 | CD78: 407.23227 | CE78: 55.826923 | CF78: 28.925486 | CG78: 35.338192 | CH78: 302.69055 | CI78: 108.14932 | CJ78: 56.550053 | CK78: 59.109047 | CL78: 43.961597 | CM78: 259.8013 | CN78: 86.374031 | CO78: 87.732346 | CP78: 81.065948 | CQ78: 0 | CR78: 60.503372 | CS78: 11.910039 | CT78: 48.818321 | CU78: 70.260422 | CV78: 88.588341 | CW78: 5 | CX78: 434 | CY78: 204.32356 | CZ78: 59.259872 | DA78: 22.075922 | DB78: 40.614792 | DC78: 90.69104 | DD78: 102 | DE78: 193 | DF78: 125.9482 | DG78: 89.903389 | DH78: 62.329433 | DI78: 41.40517 | DJ78: 242 | DK78: 139.957 | DL78: 30.649 | DM78: 58.668999 | DN78: 52.306999 | DO78: 113.39976 | DP78: 17.388 | DR78: 67 | DS78: 47.099998 | DT78: 13 | DV78: 172 | DW78: 164.61702 | DX78: 10 | DZ78: 49 | EA78: 3 | EB78: 0 | EC78: 1 | ED78: 306.79999 | EE78: 13.4 | EF78: 13.433333 | EG78: 13.563333 | EH78: 용강배유출
A79: =A78 + TIME(,1,) -> 46020.052 | B79: 293 | C79: 51.233002 | D79: 101.561 | E79: 20.583 | F79: 36.245342 | G79: 20.243999 | H79: 347 | I79: 317 | J79: 73.172997 | K79: 68.568024 | L79: 47.181999 | M79: 13.91 | N79: 16.540001 | O79: 19 | P79: 0 | Q79: 19.206841 | R79: 21 | S79: 20.385408 | T79: 9 | U79: 9 | V79: 1023 | W79: 32.781086 | X79: 37.773998 | Y79: 8.0150003 | Z79: 0 | AA79: 28.160999 | AB79: 0 | AC79: 60.663219 | AD79: 6.3610001 | AE79: 0 | AF79: 89.135956 | AG79: 0 | AH79: 76.691414 | AI79: 18.194 | AJ79: 26.842342 | AK79: 48.780228 | AL79: 57.962002 | AM79: 59.417999 | AN79: 144.25 | AO79: 79 | AP79: 74.368011 | AQ79: 49.673103 | AR79: 83 | AT79: 122 | AV79: 90 | AX79: 34 | AY79: 36.228436 | AZ79: 20 | BB79: 305 | BC79: 309.30905 | BD79: 7.1999998 | BE79: 7.2234993 | BF79: 29 | BG79: 11 | BH79: 11.681043 | BJ79: =SUM(BK79:BL79) -> 18 | BK79: 18 | BL79: 0 | BN79: =SUM(BO79:BP79) -> 122.2 | BO79: 74 | BP79: 48.200001 | BQ79: 304 | BR79: 88.555 | BS79: 27.737 | BT79: 46.757999 | BU79: 43.959 | BV79: 70.199997 | BW79: 6.5999999 | BX79: 13.6 | BY79: 28 | BZ79: 0.010949129 | CA79: 0 | CB79: 29.314714 | CD79: 401.45132 | CE79: 45.385426 | CF79: 28.942293 | CG79: 35.338192 | CH79: 302.54169 | CI79: 105.76375 | CJ79: 50.283054 | CK79: 59.293743 | CL79: 44.504833 | CM79: 263.67426 | CN79: 86.248253 | CO79: 88.305351 | CP79: 84.235512 | CQ79: 0 | CR79: 59.96117 | CS79: 11.29875 | CT79: 49.890572 | CU79: 68.489243 | CV79: 89.834175 | CW79: 5 | CX79: 434 | CY79: 205.9128 | CZ79: 59.550816 | DA79: 20.860342 | DB79: 40.283672 | DC79: 89.093712 | DD79: 95 | DE79: 192 | DF79: 125.52843 | DG79: 92.740211 | DH79: 63.622292 | DI79: 41.112076 | DJ79: 242 | DK79: 142.248 | DL79: 29.631001 | DM79: 58.668999 | DN79: 53.543999 | DO79: 113.73084 | DP79: 16.709999 | DR79: 67 | DS79: 48.400002 | DT79: 13 | DV79: 175 | DW79: 165.34354 | DX79: 11 | DZ79: 49 | EA79: 3 | EB79: 0 | EC79: 1 | ED79: 304.89999 | EE79: 27 | EF79: 27 | EG79: 28.283333 | EH79: 절물배명도암
... A82: =A81 + TIME(,1,) -> 46020.054 | B82: 290 | C82: 54.173 | D82: 100.317 | E82: 21.035999 | F82: 36.558228 | G82: 18.886999 | H82: 347 | I82: 318 | J82: 68.084 | K82: 69.258949 | L82: 48.949001 | M82: 13.91 | N82: 17.431 | O82: 18 | P82: 0 | Q82: 18.374058 | R82: 21 | S82: 21.107391 | T82: 9 | U82: 9 | V82: 1023 | W82: 33.881203 | X82: 35.060001 | Y82: 8.7150002 | Z82: 0 | AA82: 26.690001 | AB82: 0 | AC82: 61.198586 | AD82: 6.1069999 | AE82: 0 | AF82: 89.016617 | AG82: 0 | AH82: 75.149124 | AI82: 18.83 | AJ82: 28.400528 | AK82: 49.971512 | AL82: 57.785 | AM82: 58.018002 | AN82: 138.75 | AO82: 74 | AP82: 74.283142 | AQ82: 46.861649 | AR82: 84 | AT82: 121 | AV82: 99 | AX82: 35 | AY82: 36.88866 | AZ82: 20 | BB82: 305 | BC82: 310.05356 | BD82: 7.1999998 | BE82: 7.2161469 | BF82: 30 | BG82: 11 | BH82: 11.624264 | BJ82: =SUM(BK82:BL82) -> 17 | BK82: 17 | BL82: 0 | BN82: =SUM(BO82:BP82) -> 124 | BO82: 75 | BP82: 49 | BQ82: 301 | BR82: 88.329002 | BS82: 25.445999 | BT82: 46.411999 | BU82: 42.305 | BV82: 69.800003 | BW82: 6.5 | BX82: 13.6 | BY82: 28 | BZ82: 0.014805669 | CA82: 0 | CB82: 29.505163 | CD82: 408.76151 | CE82: 50.043015 | CF82: 29.070614 | CG82: 35.338192 | CH82: 303.31372 | CI82: 107.53457 | CJ82: 50.863472 | CK82: 60.928482 | CL82: 40.536777 | CM82: 267.05896 | CN82: 84.577385 | CO82: 89.231934 | CP82: 87.050926 | CQ82: 0 | CR82: 60.421432 | CS82: 10.561066 | CT82: 43.196663 | CU82: 65.112518 | CV82: 84.651985 | CW82: 4 | CX82: 427 | CY82: 199.98349 | CZ82: 59.966213 | DA82: 21.132933 | DB82: 39.244251 | DC82: 89.827454 | DD82: 109 | DE82: 189 | DF82: 125.90818 | DG82: 90.213234 | DH82: 63.926098 | DI82: 43.116447 | DJ82: 235 | DK82: 138.685 | DL82: 29.292 | DM82: 56.195 | DN82: 53.896999 | DO82: 113.0052 | DP82: 16.399 | DR82: 67 | DS82: 47.5 | DT82: 13 | DV82: 171 | DW82: 164.56104 | DX82: 10 | DZ82: 47 | EA82: 3 | EB82: 0 | EC82: 1 | ED82: 303.89999 | EE82: 28.997252 | EF82: 29.029294 | EG82: 29.17151 | EH82: 절물2
A83: =A82 + TIME(,1,) -> 46020.055 | B83: 291 | C83: 53.042 | D83: 100.43 | E83: 22.732 | F83: 40.033577 | G83: 19 | H83: 351 | I83: 313 | J83: 67.745003 | K83: 68.258255 | L83: 46.652 | M83: 14.476 | N83: 16.731001 | O83: 18 | P83: 0 | Q83: 18.261969 | R83: 19.996876 | S83: 19.850164 | T83: 9 | U83: 9 | V83: 1022 | W83: 34.353027 | X83: 33.702999 | Y83: 8.7150002 | Z83: 0 | AA83: 31.327 | AB83: 0 | AC83: 61.598347 | AD83: 6.3610001 | AE83: 0 | AF83: 90.521851 | AG83: 0 | AH83: 73.710426 | AI83: 18.639 | AJ83: 27.43964 | AK83: 49.185066 | AL83: 56.195 | AM83: 58.654999 | AN83: 135.9375 | AO83: 74 | AP83: 73.526779 | AQ83: 46.799465 | AR83: 84 | AT83: 121 | AV83: 99 | AX83: 34 | AY83: 36.215721 | AZ83: 19 | BB83: 305 | BC83: 308.67386 | BD83: 7.3000002 | BE83: 7.3422871 | BF83: 30 | BG83: 11 | BH83: 11.624264 | BJ83: =SUM(BK83:BL83) -> 17 | BK83: 17 | BL83: 0 | BN83: =SUM(BO83:BP83) -> 124 | BO83: 75 | BP83: 49 | BQ83: 301 | BR83: 89.459 | BS83: 25.955 | BT83: 45.026001 | BU83: 43.005001 | BV83: 69.5 | BW83: 6.4000001 | BX83: 13.6 | BY83: 28 | BZ83: 0.014158313 | CA83: 0 | CB83: 29.743174 | CD83: 398.89642 | CE83: 50.449879 | CF83: 28.497608 | CG83: 35.338192 | CH83: 302.8092 | CI83: 109.57764 | CJ83: 53.96619 | CK83: 60.485207 | CL83: 41.354237 | CM83: 262.7334 | CN83: 81.774124 | CO83: 89.067558 | CP83: 87.286438 | CQ83: 0 | CR83: 59.779659 | CS83: 10.793756 | CT83: 44.761124 | CU83: 65.985214 | CV83: 84.651985 | CW83: 1 | CX83: 429 | CY83: 203.83638 | CZ83: 60.061901 | DA83: 21.546732 | DB83: 38.320518 | DC83: 90.396713 | DD83: 107 | DE83: 188 | DF83: 127.22605 | DG83: 96.723076 | DH83: 65.402374 | DI83: 42.299713 | DJ83: 240 | DK83: 139.44901 | DL83: 26.917 | DM83: 58.139 | DN83: 51.599998 | DO83: 114.08286 | DP83: 17.275 | DR83: 67 | DS83: 40.599998 | DT83: 13 | DV83: 172 | DW83: 165.28354 | DX83: 10 | DZ83: 48 | EA83: 3 | EB83: 0 | EC83: 1 | ED83: 314 | EE83: 0 | EF83: #NUM! | EG83: #DIV/0! | EH83: 어승생2
A84: =A83 + TIME(,1,) -> 46020.056 | B84: 291 | C84: 50.327999 | D84: 100.204 | E84: 22.280001 | F84: 39.683914 | G84: 19.452 | H84: 346 | I84: 307 | J84: 66.726997 | K84: 68.262924 | L84: 47.889 | M84: 14.024 | N84: 17.621 | O84: 18 | P84: 0 | Q84: 18.261969 | R84: 19.996876 | S84: 20.358694 | T84: 9 | U84: 9 | V84: 1009 | W84: 32.836254 | X84: 34.381001 | Y84: 9.1599998 | Z84: 0 | AA84: 31.214001 | AB84: 0 | AC84: 62.706482 | AD84: 5.8520002 | AE84: 0 | AF84: 91.64035 | AG84: 0 | AH84: 75.165718 | AI84: 18.257999 | AJ84: 26.360373 | AK84: 48.257038 | AL84: 55.133999 | AM84: 56.810001 | AN84: 131.75 | AO84: 74 | AP84: 72.321213 | AQ84: 44.120472 | AR84: 84 | AT84: 120 | AV84: 91 | AX84: 34 | AY84: 36.215721 | AZ84: 20 | BB84: 307 | BC84: 308.67386 | BD84: 7.1999998 | BE84: 7.2915854 | BF84: 30 | BG84: 11 | BH84: 11.693158 | BJ84: =SUM(BK84:BL84) -> 17 | BK84: 17 | BL84: 0 | BN84: =SUM(BO84:BP84) -> 124.2 | BO84: 75 | BP84: 49.200001 | BQ84: 303 | BR84: 87.650002 | BS84: 26.464001 | BT84: 47.105 | BU84: 42.75 | BV84: 68.699997 | BW84: 6.5 | BX84: 13.7 | BY84: 28 | BZ84: 0.014911049 | CA84: 0 | CB84: 29.287827 | CD84: 405.15363 | CE84: 48.340939 | CF84: 28.735708 | CG84: 35.338192 | CH84: 302.87137 | CI84: 99.930237 | CJ84: 51.882137 | CK84: 55.864925 | CL84: 42.419155 | CM84: 260.74344 | CN84: 81.525398 | CO84: 88.910522 | CP84: 84.682556 | CQ84: 0 | CR84: 59.835571 | CS84: 10.568006 | CT84: 42.71064 | CU84: 65.57106 | CV84: 82.785576 | CW84: 1 | CX84: 436 | CY84: 201.95642 | CZ84: 58.669189 | DA84: 23.253136 | DB84: 39.383087 | DC84: 91.978905 | DD84: 120 | DE84: 191 | DF84: 129.98276 | DG84: 95.008163 | DH84: 64.12516 | DI84: 42.833599 | DJ84: 242 | DK84: 138.94 | DL84: 26.917 | DM84: 57.608002 | DN84: 52.66 | DO84: 115.21733 | DP84: 16.936001 | DR84: 67 | DS84: 38.700001 | DT84: 13 | DV84: 174 | DW84: 164.29764 | DX84: 10 | DZ84: 47 | EA84: 3 | EB84: 0 | EC84: 1 | ED84: 314.79999 | EE84: 325.9686 | EF84: 327.62212 | EG84: 332.46125 | EH84: 합동청사
A85: =A84 + TIME(,1,) -> 46020.056 | B85: 291 | C85: 50.215 | D85: 99.977997 | E85: 21.714001 | F85: 41.700069 | G85: 18.886999 | H85: 343 | I85: 307 | J85: 64.691002 | K85: 67.330299 | L85: 45.769001 | M85: 14.137 | N85: 17.621 | O85: 19 | P85: 0 | Q85: 19.018738 | R85: 16.996876 | S85: 17.540161 | T85: 9 | U85: 9 | V85: 1008 | W85: 31.421492 | X85: 34.493999 | Y85: 9.1599998 | Z85: 0 | AA85: 25.785999 | AB85: 0 | AC85: 62.714504 | AD85: 6.1069999 | AE85: 0 | AF85: 89.577957 | AG85: 0 | AH85: 75.313103 | AI85: 17.493999 | AJ85: 28.319635 | AK85: 48.671768 | AL85: 56.548 | AM85: 57.700001 | AN85: 131.75 | AO85: 72 | AP85: 71.950493 | AQ85: 43.911301 | AR85: 85 | AT85: 121 | AV85: 91 | AX85: 34 | AY85: 36.471577 | AZ85: 20 | BB85: 306 | BC85: 308.99182 | BD85: 7.0999999 | BE85: 7.2560711 | BF85: 30 | BG85: 11 | BH85: 11.60637 | BJ85: =SUM(BK85:BL85) -> 17 | BK85: 17 | BL85: 0 | BN85: =SUM(BO85:BP85) -> 124 | BO85: 75 | BP85: 49 | BQ85: 295 | BR85: 85.726997 | BS85: 25.955 | BT85: 44.334 | BU85: 42.178001 | BV85: 68.800003 | BW85: 6.5 | BX85: 13.5 | BY85: 28 | BZ85: 0.012709682 | CA85: 1 | CB85: 29.241772 | CD85: 396.71713 | CE85: 48.081387 | CF85: 28.967363 | CG85: 35.338192 | CH85: 301.77045 | CI85: 101.28638 | CJ85: 50.736465 | CK85: 56.063828 | CL85: 42.567085 | CM85: 256.40845 | CN85: 80.045769 | CO85: 88.648903 | CP85: 81.523247 | CQ85: 0 | CR85: 63.035561 | CS85: 10.758132 | CT85: 44.913876 | CU85: 63.212849 | CV85: 83.336273 | CW85: 2 | CX85: 433 | CY85: 201.97499 | CZ85: 57.184753 | DA85: 21.850054 | DB85: 41.12376 | DC85: 90.536064 | DD85: 111 | DE85: 190 | DF85: 128.69507 | DG85: 93.68557 | DH85: 63.450294 | DI85: 42.946907 | DJ85: 236 | DK85: 137.922 | DL85: 29.292 | DM85: 55.311001 | DN85: 53.721001 | DO85: 112.82018 | DP85: 16.087999 | DR85: 67 | DS85: 38 | DT85: 13 | DV85: 171 | DW85: 164.4787 | DX85: 11 | DZ85: 48 | EA85: 3 | EB85: 0 | EC85: 1 | ED85: 310.39999 | EE85: 27.197916 | EF85: 27.570171 | EG85: 29.284591 | EH85: 민오름1
A86: =A85 + TIME(,1,) -> 46020.057 | B86: 285 | C86: 51.910999 | D86: 100.091 | E86: 18.208 | F86: 38.497849 | G86: 19.339001 | H86: 328 | I86: 294 | J86: 63.560001 | K86: 66.63903 | L86: 46.828999 | M86: 14.363 | N86: 17.431 | O86: 22 | P86: 0 | Q86: 21.075413 | R86: 18 | S86: 17.918001 | T86: 9 | U86: 9 | V86: 1008 | W86: 30.031309 | X86: 33.929001 | Y86: 8.9060001 | Z86: 0 | AA86: 31.667 | AB86: 0 | AC86: 63.24456 | AD86: 5.8520002 | AE86: 0 | AF86: 88.865036 | AG86: 0 | AH86: 69.778427 | AI86: 17.684999 | AJ86: 24.222723 | AK86: 47.136097 | AL86: 56.902 | AM86: 56.428001 | AN86: 135.875 | AO86: 75 | AP86: 71.994614 | AQ86: 47.310925 | AR86: 85 | AT86: 122 | AV86: 70 | AX86: 35 | AY86: 36.272564 | AZ86: 20 | BB86: 305 | BC86: 310.74466 | BD86: 7.0999999 | BE86: 7.2483697 | BF86: 30 | BG86: 11 | BH86: 11.558113 | BJ86: =SUM(BK86:BL86) -> 17 | BK86: 17 | BL86: 0 | BN86: =SUM(BO86:BP86) -> 123 | BO86: 74 | BP86: 49 | BQ86: 295 | BR86: 86.292999 | BS86: 25.955 | BT86: 44.68 | BU86: 41.796001 | BV86: 69.199997 | BW86: 6.5999999 | BX86: 13.5 | BY86: 28 | BZ86: 0.012709682 | CA86: 0 | CB86: 29.215485 | CD86: 391.91632 | CE86: 45.655293 | CF86: 27.709965 | CG86: 35.338192 | CH86: 301.7785 | CI86: 99.37323 | CJ86: 47.787895 | CK86: 56.339439 | CL86: 42.754997 | CM86: 260.76938 | CN86: 81.958328 | CO86: 88.49501 | CP86: 85.547485 | CQ86: 0 | CR86: 64.590408 | CS86: 10.725624 | CT86: 47.036568 | CU86: 63.715733 | CV86: 84.760223 | CW86: 2 | CX86: 424 | CY86: 200.24094 | CZ86: 56.531811 | DA86: 21.818935 | DB86: 39.167019 | DC86: 89.867348 | DD86: 96 | DE86: 190 | DF86: 129.95105 | DG86: 91.346069 | DH86: 62.033482 | DI86: 41.525696 | DJ86: 236 | DK86: 137.922 | DL86: 25.107 | DM86: 56.548 | DN86: 53.896999 | DO86: 113.937 | DP86: 16.851 | DR86: 67 | DS86: 37.700001 | DT86: 13 | DV86: 171 | DW86: 164.33871 | DX86: 11 | DZ86: 48 | EA86: 3 | EB86: 0 | EC86: 1 | ED86: 304.79999 | EE86: 15.608992 | EF86: 15.789758 | EG86: 16.682582 | EH86: 민오름5
A87: =A86 + TIME(,1,) -> 46020.058 | B87: 287 | C87: 54.060001 | D87: 99.977997 | E87: 19.339001 | F87: 41.029583 | G87: 19.452 | H87: 326 | I87: 291 | J87: 64.917 | K87: 68.964035 | L87: 48.066002 | M87: 13.797 | N87: 16.413 | O87: 18 | P87: 0 | Q87: 20.823465 | R87: 19.996876 | S87: 19.86911 | T87: 9 | U87: 9 | V87: 1010 | W87: 31.374731 | X87: 35.737999 | Y87: 9.224 | Z87: 0 | AA87: 31.327 | AB87: 0 | AC87: 61.97588 | AD87: 5.8520002 | AE87: 0 | AF87: 89.400307 | AG87: 0 | AH87: 68.84938 | AI87: 18.003 | AJ87: 25.29167 | AK87: 47.580296 | AL87: 57.785 | AM87: 56.810001 | AN87: 135.875 | AO87: 75 | AP87: 71.994614 | AQ87: 48.380306 | AR87: 85 | AT87: 123 | AV87: 70 | AX87: 32 | AY87: 35.429195 | AZ87: 21 | BB87: 305 | BC87: 310.42816 | BD87: 7.0999999 | BE87: 7.2206655 | BF87: 30 | BG87: 11 | BH87: 11.558113 | BJ87: =SUM(BK87:BL87) -> 17 | BK87: 17 | BL87: 0 | BN87: =SUM(BO87:BP87) -> 123 | BO87: 74 | BP87: 49 | BQ87: 306 | BR87: 85.275002 | BS87: 27.228001 | BT87: 46.757999 | BU87: 42.050999 | BV87: 68.900002 | BW87: 6.5999999 | BX87: 13.5 | BY87: 28 | BZ87: 0.014107163 | CA87: 0 | CB87: 29.166904 | CD87: 393.30402 | CE87: 45.602909 | CF87: 28.216789 | CG87: 35.338192 | CH87: 301.96164 | CI87: 95.7099 | CJ87: 45.155296 | CK87: 54.940014 | CL87: 41.769135 | CM87: 251.94589 | CN87: 80.040176 | CO87: 88.386078 | CP87: 78.901695 | CQ87: 0 | CR87: 59.887363 | CS87: 10.357912 | CT87: 47.370827 | CU87: 64.004532 | CV87: 84.825142 | CW87: 2 | CX87: 435 | CY87: 201.10458 | CZ87: 56.707836 | DA87: 22.938332 | DB87: 38.882847 | DC87: 90.336937 | DD87: 96 | DE87: 190 | DF87: 131.22804 | DG87: 94.697487 | DH87: 61.750214 | DI87: 43.043228 | DJ87: 242 | DK87: 137.922 | DL87: 27.030001 | DM87: 58.492001 | DN87: 53.896999 | DO87: 116.01662 | DP87: 16.257 | DR87: 67 | DS87: 40.5 | DT87: 13 | DV87: 171 | DW87: 165.0164 | DX87: 11 | DZ87: 49 | EA87: 3 | EB87: 0 | EC87: 1 | ED87: 312.20001 | EE87: 35.338192 | EF87: 35.338192 | EG87: 35.338192 | EH87: 동부도남유출
A88: =A87 + TIME(,1,) -> 46020.058 | B88: 288 | C88: 55.529999 | D88: 99.977997 | E88: 21.375 | F88: 37.053753 | G88: 18.547001 | H88: 329 | I88: 295 | J88: 68.763 | K88: 67.244843 | L88: 49.125999 | M88: 14.137 | N88: 17.558001 | O88: 19 | P88: 0 | Q88: 19.013657 | R88: 19.996876 | S88: 19.789913 | T88: 2 | U88: 2 | V88: 1011 | W88: 32.429859 | X88: 34.720001 | Y88: 8.3330002 | Z88: 0 | AA88: 31.101 | AB88: 0 | AC88: 61.972878 | AD88: 6.1069999 | AE88: 0 | AF88: 88.98632 | AG88: 0 | AH88: 70.232315 | AI88: 16.349001 | AJ88: 24.675028 | AK88: 48.192181 | AL88: 56.370998 | AM88: 57.255001 | AN88: 138 | AO88: 73 | AP88: 71.208809 | AQ88: 46.474155 | AR88: 82 | AT88: 123 | AV88: 75 | AX88: 32 | AY88: 34.507717 | AZ88: 21 | BB88: 305 | BC88: 310.73865 | BD88: 7.0999999 | BE88: 7.1897159 | BF88: 30 | BG88: 11 | BH88: 11.783492 | BJ88: =SUM(BK88:BL88) -> 17 | BK88: 17 | BL88: 0 | BN88: =SUM(BO88:BP88) -> 123 | BO88: 74 | BP88: 49 | BQ88: 296 | BR88: 84.370003 | BS88: 27.228001 | BT88: 45.026001 | BU88: 41.987 | BV88: 69.300003 | BW88: 6.6999998 | BX88: 13.5 | BY88: 28 | BZ88: 0.013448571 | CA88: 0 | CB88: 29.233004 | CD88: 397.25122 | CE88: 48.653637 | CF88: 28.61413 | CG88: 35.338192 | CH88: 302.2533 | CI88: 91.608269 | CJ88: 42.008972 | CK88: 55.898468 | CL88: 41.154224 | CM88: 257.23538 | CN88: 79.820976 | CO88: 89.920357 | CP88: 83.266388 | CQ88: 0 | CR88: 59.31934 | CS88: 10.654551 | CT88: 47.861874 | CU88: 61.466415 | CV88: 84.080521 | CW88: 3 | CX88: 434 | CY88: 203.73999 | CZ88: 58.620819 | DA88: 21.162531 | DB88: 39.6749 | DC88: 91.941269 | DD88: 101 | DE88: 190 | DF88: 129.11816 | DG88: 89.421753 | DH88: 63.192665 | DI88: 40.162884 | DJ88: 242 | DK88: 137.922 | DL88: 24.089001 | DM88: 58.492001 | DN88: 55.311001 | DO88: 111.53398 | DP88: 16.257 | DR88: 67 | DS88: 40.299999 | DT88: 13 | DV88: 171 | DW88: 164.22141 | DX88: 11 | DZ88: 49 | EA88: 3 | EB88: 0 | EC88: 1 | ED88: 302 | EE88: 268.83417 | EF88: 269.38116 | EG88: 271.51519 | EH88: 동부오라유출
A89: =A88 + TIME(,1,) -> 46020.059 | B89: 281 | C89: 53.042 | D89: 100.317 | E89: 22.280001 | F89: 37.996788 | G89: 18.774 | H89: 329 | I89: 295 | J89: 66.161003 | K89: 67.569412 | L89: 49.303001 | M89: 13.684 | N89: 17.812 | O89: 19 | P89: 0 | Q89: 19.013657 | R89: 19.996876 | S89: 19.789913 | T89: 0 | U89: 0 | V89: 1002 | W89: 32.364468 | X89: 35.398998 | Y89: 8.3330002 | Z89: 0 | AA89: 30.423 | AB89: 0 | AC89: 62.155991 | AD89: 6.3610001 | AE89: 0 | AF89: 87.998703 | AG89: 0 | AH89: 71.271446 | AI89: 16.667 | AJ89: 27.328762 | AK89: 47.021534 | AL89: 57.077999 | AM89: 57.063999 | AN89: 137.3125 | AO89: 73 | AP89: 71.651329 | AQ89: 47.086498 | AR89: 82 | AT89: 123 | AV89: 80 | AX89: 32 | AY89: 34.505394 | AZ89: 20 | BB89: 305 | BC89: 309.52823 | BD89: 7.0999999 | BE89: 7.1762137 | BF89: 30 | BG89: 11 | BH89: 11.783492 | BJ89: =SUM(BK89:BL89) -> 17 | BK89: 17 | BL89: 0 | BN89: =SUM(BO89:BP89) -> 123 | BO89: 74 | BP89: 49 | BQ89: 298 | BR89: 88.101997 | BS89: 25.445999 | BT89: 45.373001 | BU89: 41.542 | BV89: 68.800003 | BW89: 6.5999999 | BX89: 13.5 | BY89: 29 | BZ89: 0.014906955 | CA89: 0 | CB89: 29.210592 | CD89: 397.5639 | CE89: 45.228828 | CF89: 28.640779 | CG89: 35.338192 | CH89: 302.26099 | CI89: 91.95649 | CJ89: 42.475975 | CK89: 54.423332 | CL89: 40.148876 | CM89: 258.14447 | CN89: 82.344475 | CO89: 89.407249 | CP89: 83.338051 | CQ89: 0 | CR89: 59.592159 | CS89: 11.354286 | CT89: 49.501209 | CU89: 60.396217 | CV89: 83.74337 | CW89: 4 | CX89: 426 | CY89: 201.90266 | CZ89: 59.979 | DA89: 21.152357 | DB89: 39.392048 | DC89: 91.550606 | DD89: 98 | DE89: 189 | DF89: 127.05137 | DG89: 88.872444 | DH89: 63.087009 | DI89: 40.932175 | DJ89: 242 | DK89: 140.21201 | DL89: 29.405001 | DM89: 56.370998 | DN89: 53.191002 | DO89: 113.93449 | DP89: 16.031 | DR89: 67 | DS89: 40.299999 | DT89: 13 | DV89: 175 | DW89: 164.09219 | DX89: 11 | DZ89: 49 | EA89: 3 | EB89: 0 | EC89: 1 | ED89: 302.5 | EE89: 69.87204 | EF89: 72.746972 | EG89: 77.17188 | EH89: 민오름신제주
A90: =A89 + TIME(,1,) -> 46020.06 | B90: 282 | C90: 55.304001 | D90: 99.863998 | E90: 21.940001 | F90: 37.842827 | G90: 19.339001 | H90: 327 | I90: 300 | J90: 64.013 | K90: 68.11068 | L90: 51.599998 | M90: 14.024 | N90: 17.493999 | O90: 18 | P90: 0 | Q90: 21.111591 | R90: 19.996876 | S90: 20.561476 | T90: 0 | U90: 0 | V90: 1011 | W90: 32.794479 | X90: 34.042 | Y90: 7.4429998 | Z90: 0 | AA90: 29.743999 | AB90: 0 | AC90: 61.655067 | AD90: 6.1069999 | AE90: 0 | AF90: 88.716347 | AG90: 0 | AH90: 70.878868 | AI90: 17.749001 | AJ90: 27.449041 | AK90: 47.277336 | AL90: 57.962002 | AM90: 56.300999 | AN90: 137.9375 | AO90: 75 | AP90: 72.520584 | AQ90: 48.015133 | AR90: 80 | AT90: 123 | AV90: 80 | AX90: 34 | AY90: 35.680126 | AZ90: 19 | BB90: 302 | BC90: 309.89682 | BD90: 7.0999999 | BE90: 7.1617107 | BF90: 30 | BG90: 11 | BH90: 11.709856 | BJ90: =SUM(BK90:BL90) -> 16 | BK90: 16 | BL90: 0 | BN90: =SUM(BO90:BP90) -> 123 | BO90: 74 | BP90: 49 | BQ90: 299 | BR90: 88.101997 | BS90: 26.719 | BT90: 46.064999 | BU90: 42.178001 | BV90: 68.599998 | BW90: 6.5 | BX90: 13.5 | BY90: 29 | BZ90: 0.015182409 | CA90: 21 | CB90: 29.210592 | CD90: 395.7515 | CE90: 45.76466 | CF90: 27.57922 | CG90: 35.338192 | CH90: 301.37933 | CI90: 92.67939 | CJ90: 42.528515 | CK90: 55.036865 | CL90: 39.751301 | CM90: 247.80272 | CN90: 79.256691 | CO90: 88.530647 | CP90: 76.880486 | CQ90: 0 | CR90: 57.350418 | CS90: 10.526768 | CT90: 47.688248 | CU90: 57.451904 | CV90: 81.219597 | CW90: 3 | CX90: 428 | CY90: 200.66258 | CZ90: 58.056 | DA90: 21.593634 | DB90: 39.440052 | DC90: 91.161644 | DD90: 104 | DE90: 187 | DF90: 125.67419 | DG90: 88.872444 | DH90: 64.036293 | DI90: 42.151554 | DJ90: 241 | DK90: 140.21201 | DL90: 26.464001 | DM90: 56.370998 | DN90: 54.604 | DO90: 112.95717 | DP90: 16.003 | DR90: 67 | DS90: 40.299999 | DT90: 13 | DV90: 172 | DW90: 164.3289 | DX90: 10 | DZ90: 48 | EA90: 3 | EB90: 0 | EC90: 2 | ED90: 303.70001 | EE90: 29.697189 | EF90: 30.093846 | EG90: 32.778271 | EH90: 민오름2
A91: =A90 + TIME(,1,) -> 46020.06 | B91: 289 | C91: 51.118999 | D91: 99.863998 | E91: 22.167 | F91: 40.081287 | G91: 18.886999 | H91: 327 | I91: 295 | J91: 66.275002 | K91: 66.392067 | L91: 50.362999 | M91: 13.684 | N91: 17.176001 | O91: 18 | P91: 0 | Q91: 19.210564 | R91: 19.003124 | S91: 19.116531 | T91: 0 | U91: 0 | V91: 1003 | W91: 33.219212 | X91: 33.589001 | Y91: 7.506 | Z91: 0 | AA91: 27.368999 | AB91: 0 | AC91: 61.160244 | AD91: 5.8520002 | AE91: 0 | AF91: 88.858971 | AG91: 0 | AH91: 70.990295 | AI91: 18.066999 | AJ91: 24.161201 | AK91: 47.040955 | AL91: 57.962002 | AM91: 57.955002 | AN91: 135.25 | AO91: 74 | AP91: 71.885292 | AQ91: 45.149498 | AR91: 79 | AT91: 122 | AV91: 80 | AX91: 34 | AY91: 35.789421 | AZ91: 20 | BB91: 307 | BC91: 311.39441 | BD91: 7 | BE91: 7.1362367 | BF91: 29 | BG91: 11 | BH91: 11.580953 | BJ91: =SUM(BK91:BL91) -> 16 | BK91: 16 | BL91: 0 | BN91: =SUM(BO91:BP91) -> 124 | BO91: 75 | BP91: 49 | BQ91: 298 | BR91: 88.214996 | BS91: 27.737 | BT91: 43.987 | BU91: 42.495998 | BV91: 69.400002 | BW91: 6.5 | BX91: 13.5 | BY91: 29 | BZ91: 19.658804 | CA91: 19 | CB91: 29.495005 | CD91: 397.88748 | CE91: 45.057919 | CF91: 29.424152 | CG91: 35.338192 | CH91: 302.07245 | CI91: 95.475037 | CJ91: 43.278374 | CK91: 56.671551 | CL91: 40.290871 | CM91: 247.63039 | CN91: 76.765808 | CO91: 88.621262 | CP91: 76.159615 | CQ91: 0 | CR91: 56.305737 | CS91: 10.819177 | CT91: 45.288174 | CU91: 56.236523 | CV91: 82.196358 | CW91: 3 | CX91: 428 | CY91: 199.59164 | CZ91: 59.890221 | DA91: 21.323742 | DB91: 40.952728 | DC91: 91.36026 | DD91: 94 | DE91: 189 | DF91: 124.84858 | DG91: 87.608627 | DH91: 62.313305 | DI91: 40.845795 | DJ91: 245 | DK91: 142.248 | DL91: 26.464001 | DM91: 60.789001 | DN91: 56.018002 | DO91: 113.04639 | DP91: 16.738001 | DR91: 67 | DS91: 39.900002 | DT91: 13 | DV91: 170 | DW91: 165.00117 | DX91: 10 | DZ91: 48 | EA91: 3 | EB91: 0 | EC91: 1 | ED91: 296.60001 | EE91: 44.270195 | EF91: 45.075058 | EG91: 47.314434 | EH91: 민오름3
A92: =A91 + TIME(,1,) -> 46020.061 | B92: 288 | C92: 50.327999 | D92: 100.43 | E92: 19.113001 | F92: 40.081287 | G92: 19.565001 | H92: 328 | I92: 295 | J92: 66.161003 | K92: 65.463272 | L92: 49.833 | M92: 13.91 | N92: 16.031 | O92: 19 | P92: 0 | Q92: 18.862034 | R92: 19.996876 | S92: 19.399549 | T92: 0 | U92: 0 | V92: 1008 | W92: 32.044392 | X92: 34.606998 | Y92: 7.7610002 | Z92: 0 | AA92: 30.875 | AB92: 0 | AC92: 60.882072 | AD92: 5.8520002 | AE92: 0 | AF92: 87.894485 | AG92: 0 | AH92: 69.077499 | AI92: 18.066999 | AJ92: 26.822264 | AK92: 47.679333 | AL92: 55.487999 | AM92: 54.456001 | AN92: 135.6875 | AO92: 74 | AP92: 73.100563 | AQ92: 45.299614 | AR92: 81 | AT92: 122 | AV92: 80 | AX92: 33 | AY92: 35.686207 | AZ92: 20 | BB92: 305 | BC92: 308.51627 | BD92: 7 | BE92: 7.1362367 | BF92: 29 | BG92: 11 | BH92: 11.477598 | BJ92: =SUM(BK92:BL92) -> 17 | BK92: 17 | BL92: 0 | BN92: =SUM(BO92:BP92) -> 123 | BO92: 74 | BP92: 49 | BQ92: 297 | BR92: 87.763 | BS92: 26.973 | BT92: 43.294998 | BU92: 42.558998 | BV92: 69.5 | BW92: 6.5 | BX92: 13.5 | BY92: 28 | BZ92: 19.966337 | CA92: 19 | CB92: 29.315273 | CD92: 394.92505 | CE92: 47.853275 | CF92: 27.931601 | CG92: 35.338192 | CH92: 302.15326 | CI92: 96.36792 | CJ92: 44.852943 | CK92: 54.883602 | CL92: 40.074768 | CM92: 251.25485 | CN92: 77.910759 | CO92: 88.781044 | CP92: 80.058342 | CQ92: 0 | CR92: 56.028168 | CS92: 10.144127 | CT92: 44.851471 | CU92: 55.184097 | CV92: 82.386414 | CW92: 5 | CX92: 430 | CY92: 199.5295 | CZ92: 58.474026 | DA92: 23.301849 | DB92: 39.804165 | DC92: 87.829292 | DD92: 90 | DE92: 188 | DF92: 124.29587 | DG92: 87.371323 | DH92: 62.129356 | DI92: 40.880951 | DJ92: 247 | DK92: 148.864 | DL92: 28.5 | DM92: 62.733002 | DN92: 57.431999 | DO92: 112.37782 | DP92: 16.399 | DR92: 67 | DS92: 38.900002 | DT92: 13 | DV92: 174 | DW92: 164.68027 | DX92: 11 | DZ92: 50 | EA92: 3 | EB92: 0 | EC92: 1 | ED92: 298.89999 | EE92: 21.488066 | EF92: 22.222202 | EG92: 24.062316 | EH92: 민오름4
A93: =A92 + TIME(,1,) -> 46020.062 | B93: 284 | C93: 49.988998 | D93: 99.638 | E93: 21.714001 | F93: 40.146255 | G93: 19.226 | H93: 324 | I93: 296 | J93: 66.161003 | K93: 66.467796 | L93: 47.006001 | M93: 13.571 | N93: 16.922001 | O93: 17 | P93: 0 | Q93: 17.730877 | R93: 18 | S93: 19.443531 | T93: 0 | U93: 0 | V93: 1003 | W93: 31.991608 | X93: 32.910999 | Y93: 7.3150001 | Z93: 0 | AA93: 28.613001 | AB93: 0 | AC93: 61.150433 | AD93: 6.1069999 | AE93: 0 | AF93: 88.075851 | AG93: 0 | AH93: 69.017357 | AI93: 21.120001 | AJ93: 26.978205 | AK93: 47.681973 | AL93: 55.841 | AM93: 55.091999 | AN93: 137.4375 | AO93: 72 | AP93: 70.893784 | AQ93: 47.686222 | AR93: 81 | AT93: 122 | AV93: 73 | AX93: 33 | AY93: 34.888577 | AZ93: 20 | BB93: 304 | BC93: 307.53381 | BD93: 7.0999999 | BE93: 7.1346984 | BF93: 30 | BG93: 11 | BH93: 11.477598 | BJ93: =SUM(BK93:BL93) -> 17 | BK93: 17 | BL93: 0 | BN93: =SUM(BO93:BP93) -> 123 | BO93: 74 | BP93: 49 | BQ93: 297 | BR93: 87.763 | BS93: 26.719 | BT93: 41.563 | BU93: 42.178001 | BV93: 69.599998 | BW93: 6.5999999 | BX93: 13.5 | BY93: 27 | BZ93: 19.932356 | CA93: 18 | CB93: 29.171429 | CD93: 394.92505 | CE93: 44.597782 | CF93: 27.285723 | CG93: 35.338192 | CH93: 301.42786 | CI93: 98.529617 | CJ93: 47.111996 | CK93: 55.786957 | CL93: 40.066017 | CM93: 250.37076 | CN93: 78.215378 | CO93: 88.230339 | CP93: 79.035843 | CQ93: 0 | CR93: 56.263008 | CS93: 10.116757 | CT93: 45.294647 | CU93: 57.766769 | CV93: 81.567322 | CW93: 2 | CX93: 424 | CY93: 196.87221 | CZ93: 58.128052 | DA93: 24.763645 | DB93: 39.435368 | DC93: 86.760254 | DD93: 100 | DE93: 187 | DF93: 124.29587 | DG93: 89.425964 | DH93: 60.880566 | DI93: 41.515926 | DJ93: 244 | DK93: 143.774 | DL93: 28.160999 | DM93: 61.319 | DN93: 53.896999 | DO93: 113.71609 | DP93: 16.031 | DR93: 67 | DS93: 38.299999 | DT93: 12 | DV93: 173 | DW93: 164.48935 | DX93: 10 | DZ93: 47 | EA93: 3 | EB93: 0 | EC93: 1 | ED93: 299 | EE93: 143.882 | EF93: 147.71923 | EG93: 164.21879 | EH93: 염통구배유출
A94: =A93 + TIME(,1,) -> 46020.063 | B94: 280 | C94: 53.946999 | D94: 100.543 | E94: 20.131001 | F94: 39.39299 | G94: 18.774 | H94: 321 | I94: 291 | J94: 67.066002 | K94: 65.384415 | L94: 47.006001 | M94: 12.893 | N94: 16.413 | O94: 17 | P94: 0 | Q94: 17.845308 | R94: 21 | S94: 20.645933 | T94: 0 | U94: 0 | V94: 1004 | W94: 31.713268 | X94: 33.929001 | Y94: 7.4429998 | Z94: 0 | AA94: 28.952 | AB94: 0 | AC94: 62.70969 | AD94: 6.3610001 | AE94: 0 | AF94: 88.328705 | AG94: 0 | AH94: 72.405083 | AI94: 15.013 | AJ94: 27.33029 | AK94: 46.847858 | AL94: 57.785 | AM94: 56.110001 | AN94: 139.1875 | AO94: 76 | AP94: 71.032623 | AQ94: 48.905571 | AR94: 81 | AT94: 123 | AV94: 73 | AX94: 32 | AY94: 35.07169 | AZ94: 18 | BB94: 304 | BC94: 308.82071 | BD94: 7.1999998 | BE94: 7.2042499 | BF94: 30 | BG94: 11 | BH94: 11.714846 | BJ94: =SUM(BK94:BL94) -> 16 | BK94: 16 | BL94: 0 | BN94: =SUM(BO94:BP94) -> 122 | BO94: 73 | BP94: 49 | BQ94: 293 | BR94: 83.464996 | BS94: 26.719 | BT94: 43.987 | BU94: 41.478001 | BV94: 69.199997 | BW94: 6.5 | BX94: 13.5 | BY94: 27 | BZ94: 19.911339 | CA94: 19 | CB94: 29.080877 | CD94: 391.73618 | CE94: 45.223999 | CF94: 28.174597 | CG94: 35.338192 | CH94: 301.6788 | CI94: 97.545425 | CJ94: 45.696651 | CK94: 54.982033 | CL94: 39.676838 | CM94: 250.37076 | CN94: 77.756546 | CO94: 89.744606 | CP94: 78.207901 | CQ94: 0 | CR94: 55.409286 | CS94: 9.9613428 | CT94: 46.006538 | CU94: 59.124966 | CV94: 84.233902 | CW94: 2 | CX94: 421 | CY94: 193.50587 | CZ94: 58.57328 | DA94: 22.538557 | DB94: 40.032879 | DC94: 87.045059 | DD94: 100 | DE94: 189 | DF94: 124.91177 | DG94: 87.299393 | DH94: 60.58934 | DI94: 42.257854 | DJ94: 244 | DK94: 139.194 | DL94: 27.820999 | DM94: 56.195 | DN94: 54.428001 | DO94: 112.74372 | DP94: 16.031 | DR94: 67 | DS94: 39 | DT94: 12 | DV94: 175 | DW94: 164.35855 | DX94: 10 | DZ94: 48 | EA94: 3 | EB94: 0 | EC94: 1 | ED94: 297 | EE94: 36.585983 | EF94: 40.067074 | EG94: 52.66615 | EH94: 염통1
A95: =A94 + TIME(,1,) -> 46020.063 | B95: 279 | C95: 53.042 | D95: 99.638 | E95: 20.583 | F95: 40.909348 | G95: 18.774 | H95: 321 | I95: 294 | J95: 66.613998 | K95: 66.902344 | L95: 44.532001 | M95: 12.44 | N95: 18.066999 | O95: 20 | P95: 0 | Q95: 20.088257 | R95: 18 | S95: 18.870848 | T95: 0 | U95: 0 | V95: 996 | W95: 32.131779 | X95: 33.137001 | Y95: 7.2519999 | Z95: 0 | AA95: 31.667 | AB95: 0 | AC95: 61.697395 | AD95: 6.1069999 | AE95: 0 | AF95: 88.040138 | AG95: 0 | AH95: 73.305626 | AI95: 18.385 | AJ95: 27.81477 | AK95: 46.931473 | AL95: 56.370998 | AM95: 57.127998 | AN95: 137.3125 | AO95: 74 | AP95: 72.397514 | AQ95: 46.693443 | AR95: 81 | AT95: 123 | AV95: 72 | AX95: 32 | AY95: 34.891052 | AZ95: 18 | BB95: 303 | BC95: 308.46487 | BD95: 7.0999999 | BE95: 7.1423268 | BF95: 30 | BG95: 11 | BH95: 11.770946 | BJ95: =SUM(BK95:BL95) -> 17 | BK95: 17 | BL95: 0 | BN95: =SUM(BO95:BP95) -> 121.2 | BO95: 73 | BP95: 48.200001 | BQ95: 293 | BR95: 82.334 | BS95: 25.955 | BT95: 45.373001 | BU95: 41.16 | BV95: 69.300003 | BW95: 6.5 | BX95: 13.6 | BY95: 27 | BZ95: 19.911339 | CA95: 19 | CB95: 29.11035 | CD95: 391.11432 | CE95: 45.213112 | CF95: 27.625013 | CG95: 35.338192 | CH95: 302.18372 | CI95: 95.76622 | CJ95: 42.926479 | CK95: 54.982033 | CL95: 40.292374 | CM95: 253.77533 | CN95: 78.953224 | CO95: 89.664429 | CP95: 81.976639 | CQ95: 0 | CR95: 55.547684 | CS95: 9.9148598 | CT95: 43.162205 | CU95: 61.023098 | CV95: 85.748161 | CW95: 3 | CX95: 419 | CY95: 194.16429 | CZ95: 58.523758 | DA95: 23.021172 | DB95: 40.081718 | DC95: 86.610764 | DD95: 102 | DE95: 189 | DF95: 124.49554 | DG95: 92.192154 | DH95: 61.122013 | DI95: 43.553326 | DJ95: 239 | DK95: 139.44901 | DL95: 25.785999 | DM95: 56.548 | DN95: 54.074001 | DO95: 112.31158 | DP95: 16.229 | DR95: 67 | DS95: 39.5 | DT95: 13 | DV95: 172 | DW95: 164.21581 | DX95: 11 | DZ95: 47 | EA95: 3 | EB95: 0 | EC95: 1 | ED95: 304.29999 | EE95: 46.293003 | EF95: 47.675957 | EG95: 49.302288 | EH95: 염통6
... A122: =A121 + TIME(,1,) -> 46020.082 | B122: 238 | C122: 49.535999 | D122: 98.620003 | E122: 18.774 | F122: 9.8082981 | G122: 19.226 | H122: 316 | I122: 281 | J122: 62.429001 | K122: 63.449589 | L122: 47.006001 | M122: 13.458 | N122: 17.367001 | O122: 19 | P122: 0 | Q122: 19.187057 | R122: 12 | S122: 12.631677 | T122: 8 | U122: 8 | V122: 959 | W122: 30.707838 | X122: 30.083 | Y122: 7.4429998 | Z122: 0 | AA122: 24.202 | AB122: 0 | AC122: 58.935486 | AD122: 6.3610001 | AE122: 0 | AF122: 86.314445 | AG122: 0 | AH122: 66.677719 | AI122: 18.767 | AJ122: 24.067879 | AK122: 46.623451 | AL122: 55.133999 | AM122: 54.901001 | AN122: 126.8125 | AO122: 66 | AP122: 67.550774 | AQ122: 41.867802 | AR122: 88 | AT122: 122 | AV122: 72 | AX122: 32 | AY122: 34.000526 | AZ122: 17 | BB122: 301 | BC122: 300.01706 | BD122: 7.0999999 | BE122: 7.0221157 | BF122: 30 | BG122: 11 | BH122: 11.261659 | BJ122: =SUM(BK122:BL122) -> 15 | BK122: 15 | BL122: 0 | BN122: =SUM(BO122:BP122) -> 122 | BO122: 73 | BP122: 49 | BQ122: 286 | BR122: 79.620003 | BS122: 25.445999 | BT122: 45.026001 | BU122: 40.141998 | BV122: 69 | BW122: 6.3000002 | BX122: 13.8 | BY122: 28 | BZ122: 19.92688 | CA122: 20 | CB122: 29.363497 | CD122: 387.46939 | CE122: 65.933929 | CF122: 23.842489 | CG122: 35.338192 | CH122: 285.00131 | CI122: 90.69162 | CJ122: 40.532505 | CK122: 53.110992 | CL122: 38.335876 | CM122: 248.3571 | CN122: 80.644745 | CO122: 89.733109 | CP122: 76.287941 | CQ122: 0 | CR122: 54.578709 | CS122: 10.109146 | CT122: 37.467804 | CU122: 52.276672 | CV122: 75.158897 | CW122: 3 | CX122: 408 | CY122: 190.45071 | CZ122: 55.326103 | DA122: 22.070311 | DB122: 34.526802 | DC122: 85.618156 | DD122: 71 | DE122: 184 | DF122: 114.28267 | DG122: 83.227188 | DH122: 56.126793 | DI122: 40.393959 | DJ122: 213 | DK122: 106.876 | DL122: 27.368999 | DM122: 30.041 | DN122: 50.009998 | DO122: 112.16667 | DP122: 15.974 | DR122: 0 | DS122: 33.599998 | DT122: 13 | DV122: 170 | DW122: 164.62721 | DX122: 10 | DZ122: 46 | EA122: 3 | EB122: 0 | EC122: 1 | ED122: 276.39999 | EE122: 14.617 | EF122: 14.834333 | EG122: 15.202567 | EH122: 사라마을
A123: =A122 + TIME(,1,) -> 46020.083 | B123: 243 | C123: 51.459 | D123: 98.167999 | E123: 20.809 | F123: 0 | G123: 19.792 | H123: 317 | I123: 288 | J123: 65.709 | K123: 63.465004 | L123: 47.181999 | M123: 13.232 | N123: 16.540001 | O123: 21 | P123: 0 | Q123: 21.826092 | R123: 15 | S123: 14.556323 | T123: 8 | U123: 8 | V123: 967 | W123: 28.755419 | X123: 29.631001 | Y123: 7.3790002 | Z123: 0 | AA123: 24.993999 | AB123: 0 | AC123: 59.06683 | AD123: 6.1069999 | AE123: 0 | AF123: 86.44268 | AG123: 0 | AH123: 66.714333 | AI123: 18.320999 | AJ123: 24.711962 | AK123: 46.245701 | AL123: 57.785 | AM123: 54.709999 | AN123: 127.8125 | AO123: 68 | AP123: 67.959579 | AQ123: 41.563522 | AR123: 88 | AT123: 122 | AV123: 80 | AX123: 32 | AY123: 33.877834 | AZ123: 17 | BB123: 299 | BC123: 298.80576 | BD123: 7 | BE123: 7.013463 | BF123: 30 | BG123: 11 | BH123: 11.261659 | BJ123: =SUM(BK123:BL123) -> 16 | BK123: 16 | BL123: 0 | BN123: =SUM(BO123:BP123) -> 122 | BO123: 73 | BP123: 49 | BQ123: 286 | BR123: 79.507004 | BS123: 25.191999 | BT123: 42.255001 | BU123: 38.615002 | BV123: 68.599998 | BW123: 6.1999998 | BX123: 13.6 | BY123: 29 | BZ123: 19.907341 | CA123: 19 | CB123: 29.671936 | CD123: 395.86597 | CE123: 67.217918 | CF123: 23.820833 | CG123: 35.338192 | CH123: 285.60803 | CI123: 92.755028 | CJ123: 43.274845 | CK123: 53.80957 | CL123: 38.445282 | CM123: 244.69473 | CN123: 78.11161 | CO123: 87.381172 | CP123: 75.39016 | CQ123: 0 | CR123: 52.348228 | CS123: 10.532771 | CT123: 37.381786 | CU123: 52.276672 | CV123: 80.687904 | CW123: 2 | CX123: 407 | CY123: 188.77408 | CZ123: 56.605408 | DA123: 22.348066 | DB123: 34.526802 | DC123: 85.888405 | DD123: 75 | DE123: 185 | DF123: 116.242 | DG123: 79.87886 | DH123: 55.422424 | DI123: 38.690834 | DJ123: 214 | DK123: 113.493 | DL123: 29.066 | DM123: 29.157 | DN123: 52.837002 | DO123: 112.0015 | DP123: 15.974 | DR123: 0 | DS123: 33.099998 | DT123: 13 | DV123: 171 | DW123: 165.01439 | DX123: 10 | DZ123: 46 | EA123: 3 | EB123: 0 | EC123: 1 | ED123: 275.5 | EE123: 0 | EF123: #NUM! | EG123: #DIV/0!
A124: =A123 + TIME(,1,) -> 46020.083 | B124: 237 | C124: 54.173 | D124: 97.375999 | E124: 17.077 | F124: 9.3961573 | G124: 18.886999 | H124: 311 | I124: 283 | J124: 65.257004 | K124: 62.687084 | L124: 45.769001 | M124: 13.571 | N124: 16.031 | O124: 21 | P124: 0 | Q124: 20.650553 | R124: 13.996875 | S124: 12.769892 | T124: 9 | U124: 9 | V124: 960 | W124: 26.613102 | X124: 29.518 | Y124: 8.842 | Z124: 0 | AA124: 24.315001 | AB124: 0 | AC124: 58.596638 | AD124: 6.1069999 | AE124: 0 | AF124: 84.539787 | AG124: 0 | AH124: 67.227333 | AI124: 16.922001 | AJ124: 23.097073 | AK124: 45.923061 | AL124: 56.902 | AM124: 55.091999 | AN124: 127 | AO124: 69 | AP124: 68.131859 | AQ124: 41.776085 | AR124: 89 | AT124: 123 | AV124: 79 | AX124: 32 | AY124: 33.720783 | AZ124: 18 | BB124: 299 | BC124: 302.12036 | BD124: 7 | BE124: 7.013463 | BF124: 29 | BG124: 11 | BH124: 11.279254 | BJ124: =SUM(BK124:BL124) -> 16 | BK124: 16 | BL124: 0 | BN124: =SUM(BO124:BP124) -> 123 | BO124: 74 | BP124: 49 | BQ124: 282 | BR124: 76.679001 | BS124: 24.937 | BT124: 42.602001 | BU124: 38.361 | BV124: 68.199997 | BW124: 6.3000002 | BX124: 13.4 | BY124: 28 | BZ124: 19.883274 | CA124: 19 | CB124: 29.589775 | CD124: 388.49811 | CE124: 67.346954 | CF124: 23.632896 | CG124: 35.338192 | CH124: 284.284 | CI124: 89.299553 | CJ124: 41.605839 | CK124: 54.295059 | CL124: 37.659004 | CM124: 244.69473 | CN124: 77.180916 | CO124: 86.20417 | CP124: 76.926567 | CQ124: 0 | CR124: 52.348576 | CS124: 10.17932 | CT124: 39.445301 | CU124: 54.082466 | CV124: 77.477402 | CW124: 5 | CX124: 407 | CY124: 185.3093 | CZ124: 54.650059 | DA124: 21.722124 | DB124: 35.104492 | DC124: 85.507095 | DD124: 74 | DE124: 185 | DF124: 116.6916 | DG124: 80.285522 | DH124: 55.532898 | DI124: 39.915989 | DJ124: 208 | DK124: 107.894 | DL124: 25.107 | DM124: 25.093 | DN124: 52.306999 | DO124: 112.85744 | DP124: 15.607 | DR124: 0 | DS124: 34 | DT124: 13 | DV124: 168 | DW124: 164.23442 | DX124: 11 | DZ124: 46 | EA124: 3 | EB124: 0 | EC124: 1 | ED124: 277.60001 | EE124: 0 | EF124: 0 | EG124: 8.95 | EH124: 정실4취수
A125: =A124 + TIME(,1,) -> 46020.084 | B125: 241 | C125: 52.363998 | D125: 98.393997 | E125: 15.155 | F125: 0 | G125: 18.660999 | H125: 318 | I125: 280 | J125: 64.238998 | K125: 64.526955 | L125: 44.708 | M125: 13.571 | N125: 17.176001 | O125: 20 | P125: 0 | Q125: 19.940424 | R125: 13.003125 | S125: 12.535219 | T125: 9 | U125: 9 | V125: 966 | W125: 26.445152 | X125: 29.405001 | Y125: 8.2700005 | Z125: 0 | AA125: 24.315001 | AB125: 0 | AC125: 57.898483 | AD125: 6.3610001 | AE125: 0 | AF125: 84.06868 | AG125: 0 | AH125: 68.400391 | AI125: 13.614 | AJ125: 22.415689 | AK125: 46.924305 | AL125: 56.370998 | AM125: 55.028 | AN125: 127.8125 | AO125: 69 | AP125: 68.138855 | AQ125: 40.970303 | AR125: 89 | AT125: 122 | AV125: 79 | AX125: 32 | AY125: 34.177177 | AZ125: 18 | BB125: 298 | BC125: 302.21729 | BD125: 7.0999999 | BE125: 6.9935699 | BF125: 30 | BG125: 11 | BH125: 11.278646 | BJ125: =SUM(BK125:BL125) -> 15 | BK125: 15 | BL125: 0 | BN125: =SUM(BO125:BP125) -> 122 | BO125: 73 | BP125: 49 | BQ125: 283 | BR125: 75.209 | BS125: 26.719 | BT125: 42.948002 | BU125: 38.932999 | BV125: 69.300003 | BW125: 6.0999999 | BX125: 13.4 | BY125: 30 | BZ125: 19.917673 | CA125: 19 | CB125: 29.454485 | CD125: 397.70242 | CE125: 65.847794 | CF125: 24.195902 | CG125: 35.338192 | CH125: 284.36166 | CI125: 89.393143 | CJ125: 40.747601 | CK125: 51.651608 | CL125: 37.556461 | CM125: 236.57089 | CN125: 77.559113 | CO125: 76.550476 | CP125: 76.895523 | CQ125: 0 | CR125: 55.078648 | CS125: 10.190622 | CT125: 37.293762 | CU125: 53.308056 | CV125: 76.422821 | CW125: 4 | CX125: 395 | CY125: 181.41397 | CZ125: 53.557045 | DA125: 21.786814 | DB125: 37.083714 | DC125: 84.386894 | DD125: 74 | DE125: 184 | DF125: 118.28059 | DG125: 77.196648 | DH125: 55.7243 | DI125: 39.588123 | DJ125: 208 | DK125: 112.475 | DL125: 25.333 | DM125: 29.688 | DN125: 50.009998 | DO125: 113.62846 | DP125: 16.341999 | DR125: 0 | DS125: 34.099998 | DT125: 13 | DV125: 172 | DW125: 164.55731 | DX125: 10 | DZ125: 47 | EA125: 3 | EB125: 0 | EC125: 1 | ED125: 278.39999 | EE125: 26.299999 | EF125: 26.783333 | EG125: 28.445 | EH125: 정실4
A126: =A125 + TIME(,1,) -> 46020.085 | B126: 237 | C126: 46.368999 | D126: 97.375999 | E126: 16.285999 | F126: 5.6002584 | G126: 19.226 | H126: 318 | I126: 286 | J126: 65.029999 | K126: 66.436897 | L126: 45.769001 | M126: 14.363 | N126: 16.349001 | O126: 20 | P126: 0 | Q126: 19.940424 | R126: 13.003125 | S126: 14.267764 | T126: 9 | U126: 9 | V126: 966 | W126: 28.76861 | X126: 29.066 | Y126: 7.5700002 | Z126: 0 | AA126: 23.863001 | AB126: 0 | AC126: 57.425117 | AD126: 6.1069999 | AE126: 0 | AF126: 85.345963 | AG126: 0 | AH126: 65.931557 | AI126: 15.395 | AJ126: 22.681202 | AK126: 46.178089 | AL126: 55.487999 | AM126: 53.501999 | AN126: 131.1875 | AO126: 68 | AP126: 67.761765 | AQ126: 42.194309 | AR126: 87 | AT126: 123 | AV126: 78 | AX126: 33 | AY126: 33.951168 | AZ126: 17 | BB126: 299 | BC126: 302.81763 | BD126: 7 | BE126: 6.9923921 | BF126: 30 | BG126: 11 | BH126: 11.321609 | BJ126: =SUM(BK126:BL126) -> 15 | BK126: 15 | BL126: 0 | BN126: =SUM(BO126:BP126) -> 122 | BO126: 73 | BP126: 49 | BQ126: 283 | BR126: 78.263 | BS126: 25.701 | BT126: 41.909 | BU126: 38.806 | BV126: 68.599998 | BW126: 6.0999999 | BX126: 13.5 | BY126: 27 | BZ126: 19.937525 | CA126: 19 | CB126: 29.273279 | CD126: 394.71991 | CE126: 66.586868 | CF126: 23.910849 | CG126: 35.338192 | CH126: 285.65881 | CI126: 87.706223 | CJ126: 38.782825 | CK126: 52.775719 | CL126: 39.056274 | CM126: 235.14037 | CN126: 76.346191 | CO126: 77.134148 | CP126: 78.917091 | CQ126: 0 | CR126: 55.614605 | CS126: 10.789025 | CT126: 36.598167 | CU126: 49.959606 | CV126: 76.758415 | CW126: 2 | CX126: 396 | CY126: 184.71538 | CZ126: 54.455101 | DA126: 21.571562 | DB126: 35.942719 | DC126: 85.288788 | DD126: 80 | DE126: 184 | DF126: 117.48528 | DG126: 77.725571 | DH126: 55.304607 | DI126: 39.281013 | DJ126: 210 | DK126: 108.658 | DL126: 25.333 | DM126: 29.511 | DN126: 48.949001 | DO126: 112.73613 | DP126: 16.455 | DR126: 0 | DS126: 34.599998 | DT126: 13 | DV126: 172 | DW126: 164.72069 | DX126: 10 | DZ126: 47 | EA126: 3 | EB126: 0 | EC126: 1 | ED126: 277.79999 | EE126: 12 | EF126: 12 | EG126: 12.066667 | EH126: 정실6취수
A127: =A126 + TIME(,1,) -> 46020.085 | B127: 236 | C127: 48.518002 | D127: 95.567001 | E127: 17.643 | F127: 8.2635975 | G127: 18.434 | H127: 318 | I127: 283 | J127: 66.161003 | K127: 65.045944 | L127: 45.237999 | M127: 14.476 | N127: 17.684999 | O127: 20 | P127: 0 | Q127: 20.313015 | R127: 13.003125 | S127: 12.4875 | T127: 9 | U127: 9 | V127: 962 | W127: 29.507568 | X127: 29.857 | Y127: 7.125 | Z127: 0 | AA127: 24.655001 | AB127: 0 | AC127: 56.569397 | AD127: 6.1069999 | AE127: 0 | AF127: 83.490372 | AG127: 0 | AH127: 65.605423 | AI127: 15.077 | AJ127: 22.765844 | AK127: 46.593994 | AL127: 55.133999 | AM127: 56.300999 | AN127: 131.75 | AO127: 70 | AP127: 67.382751 | AQ127: 44.643436 | AR127: 86 | AT127: 123 | AV127: 70 | AX127: 31 | AY127: 33.305523 | AZ127: 17 | BB127: 300 | BC127: 297.59921 | BD127: 6.9000001 | BE127: 6.9799509 | BF127: 30 | BG127: 11 | BH127: 11.265182 | BJ127: =SUM(BK127:BL127) -> 15 | BK127: 15 | BL127: 0 | BN127: =SUM(BO127:BP127) -> 122.2 | BO127: 73 | BP127: 49.200001 | BQ127: 285 | BR127: 79.733002 | BS127: 24.937 | BT127: 42.255001 | BU127: 38.233002 | BV127: 69.800003 | BW127: 6.1999998 | BX127: 13.5 | BY127: 28 | BZ127: 19.92201 | CA127: 19 | CB127: 29.230118 | CD127: 388.97662 | CE127: 66.833183 | CF127: 23.508108 | CG127: 35.338192 | CH127: 284.94745 | CI127: 87.706223 | CJ127: 37.310108 | CK127: 52.795631 | CL127: 39.456993 | CM127: 232.94548 | CN127: 73.955856 | CO127: 78.315323 | CP127: 77.03186 | CQ127: 0 | CR127: 52.228096 | CS127: 10.808276 | CT127: 37.228355 | CU127: 50.324318 | CV127: 76.678352 | CW127: 3 | CX127: 395 | CY127: 186.86661 | CZ127: 52.558067 | DA127: 20.396597 | DB127: 35.643234 | DC127: 82.666862 | DD127: 80 | DE127: 185 | DF127: 116.86079 | DG127: 76.571533 | DH127: 57.503624 | DI127: 37.176384 | DJ127: 210 | DK127: 114.765 | DL127: 26.804001 | DM127: 31.278 | DN127: 51.423 | DO127: 111.66364 | DP127: 16.455 | DR127: 0 | DS127: 34.900002 | DT127: 13 | DV127: 172 | DW127: 163.53041 | DX127: 10 | DZ127: 46 | EA127: 3 | EB127: 0 | EC127: 1 | ED127: 274 | EE127: 0 | EF127: #NUM! | EG127: #DIV/0!
A128: =A127 + TIME(,1,) -> 46020.086 | B128: 237 | C128: 49.875 | D128: 97.716003 | E128: 17.530001 | F128: 0 | G128: 17.982 | H128: 316 | I128: 284 | J128: 65.934998 | K128: 64.669655 | L128: 46.299 | M128: 13.571 | N128: 18.194 | O128: 19 | P128: 0 | Q128: 17.879089 | R128: 13.003125 | S128: 12.80464 | T128: 9 | U128: 9 | V128: 942 | W128: 30.588551 | X128: 29.179001 | Y128: 8.0790005 | Z128: 0 | AA128: 25.899 | AB128: 0 | AC128: 56.849155 | AD128: 6.3610001 | AE128: 0 | AF128: 83.798805 | AG128: 0 | AH128: 66.988708 | AI128: 12.787 | AJ128: 22.35603 | AK128: 46.172829 | AL128: 54.780998 | AM128: 56.046001 | AN128: 129.1875 | AO128: 71 | AP128: 68.618492 | AQ128: 42.894543 | AR128: 86 | AT128: 123 | AV128: 72 | AX128: 32 | AY128: 34.060585 | AZ128: 17 | BB128: 299 | BC128: 297.59921 | BD128: 7 | BE128: 6.9726048 | BF128: 31 | BG128: 11 | BH128: 11.273819 | BJ128: =SUM(BK128:BL128) -> 15 | BK128: 15 | BL128: 0 | BN128: =SUM(BO128:BP128) -> 122.2 | BO128: 73 | BP128: 49.200001 | BQ128: 280 | BR128: 76.792999 | BS128: 25.191999 | BT128: 41.563 | BU128: 38.233002 | BV128: 69.400002 | BW128: 6.1999998 | BX128: 13.5 | BY128: 27 | BZ128: 19.919006 | CA128: 19 | CB128: 29.169193 | CD128: 394.87646 | CE128: 68.013954 | CF128: 23.482397 | CG128: 35.338192 | CH128: 284.85446 | CI128: 89.700768 | CJ128: 37.788055 | CK128: 54.631081 | CL128: 38.981922 | CM128: 233.08403 | CN128: 77.107491 | CO128: 76.733536 | CP128: 74.647644 | CQ128: 0 | CR128: 52.568832 | CS128: 10.801692 | CT128: 39.619873 | CU128: 49.603855 | CV128: 76.884621 | CW128: 1 | CX128: 397 | CY128: 186.42 | CZ128: 53.04248 | DA128: 20.971407 | DB128: 33.931129 | DC128: 82.666862 | DD128: 81 | DE128: 187 | DF128: 115.44162 | DG128: 79.641006 | DH128: 57.276535 | DI128: 38.61441 | DJ128: 213 | DK128: 113.238 | DL128: 26.238001 | DM128: 31.455 | DN128: 49.833 | DO128: 111.67467 | DP128: 16.115999 | DR128: 0 | DS128: 34.700001 | DT128: 12 | DV128: 169 | DW128: 164.23271 | DX128: 11 | DZ128: 46 | EA128: 3 | EB128: 0 | EC128: 1 | ED128: 277.39999 | EE128: 0 | EF128: 0 | EG128: 7.75 | EH128: 노형조절지2유출
A129: =A128 + TIME(,1,) -> 46020.087 | B129: 246 | C129: 49.310001 | D129: 97.942001 | E129: 19.677999 | F129: 6.0094504 | G129: 19.226 | H129: 318 | I129: 281 | J129: 67.179001 | K129: 64.974266 | L129: 44.532001 | M129: 14.589 | N129: 17.558001 | O129: 18 | P129: 0 | Q129: 18.95048 | R129: 12 | S129: 11.285479 | T129: 9 | U129: 9 | V129: 942 | W129: 30.136814 | X129: 29.405001 | Y129: 7.506 | Z129: 0 | AA129: 26.804001 | AB129: 0 | AC129: 57.392258 | AD129: 6.6160002 | AE129: 0 | AF129: 84.849289 | AG129: 0 | AH129: 66.624222 | AI129: 12.977 | AJ129: 22.030039 | AK129: 46.01989 | AL129: 55.311001 | AM129: 55.792 | AN129: 125.125 | AO129: 67 | AP129: 67.907631 | AQ129: 40.512882 | AR129: 87 | AT129: 124 | AV129: 72 | AX129: 32 | AY129: 34.877724 | AZ129: 17 | BB129: 299 | BC129: 297.97144 | BD129: 7 | BE129: 6.959733 | BF129: 31 | BG129: 10 | BH129: 11.211091 | BJ129: =SUM(BK129:BL129) -> 15 | BK129: 15 | BL129: 0 | BN129: =SUM(BO129:BP129) -> 122.2 | BO129: 73 | BP129: 49.200001 | BQ129: 280 | BR129: 74.983002 | BS129: 25.191999 | BT129: 41.563 | BU129: 38.742001 | BV129: 69.5 | BW129: 6.0999999 | BX129: 13.6 | BY129: 28 | BZ129: 19.919006 | CA129: 19 | CB129: 29.14991 | CD129: 390.99841 | CE129: 66.460136 | CF129: 23.921833 | CG129: 35.338192 | CH129: 285.3432 | CI129: 88.760086 | CJ129: 38.282917 | CK129: 53.380241 | CL129: 39.375591 | CM129: 232.71933 | CN129: 79.215164 | CO129: 75.209641 | CP129: 74.381332 | CQ129: 0 | CR129: 53.260578 | CS129: 10.403477 | CT129: 36.393284 | CU129: 53.80442 | CV129: 73.931595 | CW129: 2 | CX129: 396 | CY129: 183.55037 | CZ129: 51.998161 | DA129: 22.413452 | DB129: 34.773319 | DC129: 84.776978 | DD129: 76 | DE129: 186 | DF129: 114.73788 | DG129: 79.397743 | DH129: 57.550697 | DI129: 38.196442 | DJ129: 209 | DK129: 110.439 | DL129: 27.368999 | DM129: 27.92 | DN129: 48.243 | DO129: 113.07166 | DP129: 16.115999 | DR129: 0 | DS129: 35 | DT129: 13 | DV129: 169 | DW129: 163.6595 | DX129: 11 | DZ129: 45 | EA129: 3 | EB129: 0 | EC129: 1 | ED129: 276.60001 | EE129: 0.98883462 | EF129: 1.1222168 | EG129: 1.3532158 | EH129: 드림타워
A130: =A129 + TIME(,1,) -> 46020.088 | B130: 245 | C130: 48.404999 | D130: 103.823 | E130: 19.792 | F130: 3.5753796 | G130: 18.547001 | H130: 317 | I130: 279 | J130: 64.464996 | K130: 64.940361 | L130: 45.591999 | M130: 13.571 | N130: 17.493999 | O130: 18 | P130: 0 | Q130: 18.95048 | R130: 12 | S130: 11.472993 | T130: 9 | U130: 9 | V130: 957 | W130: 30.521231 | X130: 29.405001 | Y130: 7.125 | Z130: 0 | AA130: 25.333 | AB130: 0 | AC130: 58.051033 | AD130: 6.1069999 | AE130: 0 | AF130: 84.510254 | AG130: 0 | AH130: 65.376251 | AI130: 12.977 | AJ130: 20.550102 | AK130: 47.013096 | AL130: 56.195 | AM130: 57.063999 | AN130: 125.125 | AO130: 67 | AP130: 67.467484 | AQ130: 40.904797 | AR130: 85 | AT130: 122 | AV130: 71 | AX130: 33 | AY130: 35.366413 | AZ130: 17 | BB130: 299 | BC130: 300.90634 | BD130: 6.9000001 | BE130: 6.9314265 | BF130: 31 | BG130: 10 | BH130: 11.188222 | BJ130: =SUM(BK130:BL130) -> 15 | BK130: 15 | BL130: 0 | BN130: =SUM(BO130:BP130) -> 122 | BO130: 73 | BP130: 49 | BQ130: 283 | BR130: 75.434998 | BS130: 25.955 | BT130: 42.602001 | BU130: 38.806 | BV130: 69 | BW130: 6.1999998 | BX130: 13.6 | BY130: 29 | BZ130: 0.15372533 | CA130: 1 | CB130: 28.997252 | CD130: 388.3031 | CE130: 67.592041 | CF130: 24.061754 | CG130: 35.338192 | CH130: 285.91556 | CI130: 89.133377 | CJ130: 36.194561 | CK130: 54.140762 | CL130: 38.016945 | CM130: 233.61143 | CN130: 76.667923 | CO130: 75.497459 | CP130: 74.326653 | CQ130: 0 | CR130: 53.537163 | CS130: 11.734606 | CT130: 36.65276 | CU130: 51.209694 | CV130: 72.167984 | CW130: 8 | CX130: 397 | CY130: 187.42015 | CZ130: 53.190403 | DA130: 21.452833 | DB130: 34.773319 | DC130: 84.180984 | DD130: 74 | DE130: 185 | DF130: 115.18794 | DG130: 79.293007 | DH130: 55.373051 | DI130: 38.495838 | DJ130: 217 | DK130: 109.676 | DL130: 28.048 | DM130: 28.981001 | DN130: 50.540001 | DO130: 112.15456 | DP130: 16.257 | DR130: 0 | DS130: 36.200001 | DT130: 12 | DV130: 169 | DW130: 163.38623 | DX130: 11 | DZ130: 45 | EA130: 3 | EB130: 0 | EC130: 2 | ED130: 273.10001 | EE130: 9 | EF130: 9 | EG130: 9.9833333 | EH130: 해안배유출 해안마을
A131: =A130 + TIME(,1,) -> 46020.088 | B131: 248 | C131: 49.875 | D131: 102.805 | E131: 17.756001 | F131: 14.861549 | G131: 17.868999 | H131: 317 | I131: 279 | J131: 64.578003 | K131: 63.773056 | L131: 46.299 | M131: 13.571 | N131: 17.621 | O131: 19 | P131: 0 | Q131: 18.509459 | R131: 13.003125 | S131: 11.88265 | T131: 9 | U131: 9 | V131: 963 | W131: 28.084305 | X131: 28.952 | Y131: 7.9520001 | Z131: 0 | AA131: 24.315001 | AB131: 0 | AC131: 57.575745 | AD131: 6.1069999 | AE131: 0 | AF131: 84.353149 | AG131: 0 | AH131: 65.586548 | AI131: 15.649 | AJ131: 20.987024 | AK131: 47.426826 | AL131: 53.543999 | AM131: 57.319 | AN131: 128.25 | AO131: 68 | AP131: 67.640175 | AQ131: 42.324753 | AR131: 86 | AT131: 122 | AV131: 79 | AX131: 33 | AY131: 34.316441 | AZ131: 17 | BB131: 300 | BC131: 301.18134 | BD131: 6.9000001 | BE131: 6.9266739 | BF131: 31 | BG131: 11 | BH131: 11.387898 | BJ131: =SUM(BK131:BL131) -> 15 | BK131: 15 | BL131: 0 | BN131: =SUM(BO131:BP131) -> 123.2 | BO131: 74 | BP131: 49.200001 | BQ131: 285 | BR131: 76.679001 | BS131: 26.719 | BT131: 40.869999 | BU131: 39.250999 | BV131: 69.199997 | BW131: 6.5999999 | BX131: 13.6 | BY131: 29 | BZ131: 0.013449262 | CA131: 1 | CB131: 29.092489 | CD131: 399.2991 | CE131: 68.695267 | CF131: 24.162336 | CG131: 35.338192 | CH131: 286.71075 | CI131: 89.811653 | CJ131: 36.194561 | CK131: 53.577873 | CL131: 38.236832 | CM131: 233.75484 | CN131: 75.925636 | CO131: 78.974289 | CP131: 75.100105 | CQ131: 0 | CR131: 54.800777 | CS131: 10.016144 | CT131: 37.463478 | CU131: 49.696659 | CV131: 73.1604 | CW131: 2 | CX131: 397 | CY131: 183.76779 | CZ131: 52.157162 | DA131: 20.343157 | DB131: 36.653416 | DC131: 86.327194 | DD131: 74 | DE131: 183 | DF131: 114.52538 | DG131: 81.684082 | DH131: 55.080334 | DI131: 37.44437 | DJ131: 217 | DK131: 109.676 | DL131: 27.256001 | DM131: 28.627001 | DN131: 50.186001 | DO131: 114.06181 | DP131: 16.059 | DR131: 0 | DS131: 34.799999 | DT131: 12 | DV131: 168 | DW131: 162.8831 | DX131: 11 | DZ131: 45 | EA131: 3 | EB131: 0 | EC131: 1 | ED131: 274.29999 | EE131: 0 | EF131: #NUM! | EG131: #DIV/0!
A132: =A131 + TIME(,1,) -> 46020.089 | B132: 244 | C132: 49.762001 | D132: 103.823 | E132: 15.041 | F132: 13.396368 | G132: 18.320999 | H132: 312 | I132: 280 | J132: 63.898998 | K132: 64.268028 | L132: 45.415001 | M132: 11.988 | N132: 17.940001 | O132: 19 | P132: 0 | Q132: 19.510084 | R132: 12 | S132: 11.117972 | T132: 9 | U132: 9 | V132: 964 | W132: 30.410475 | X132: 28.5 | Y132: 7.2519999 | Z132: 0 | AA132: 23.524 | AB132: 0 | AC132: 57.503712 | AD132: 6.3610001 | AE132: 0 | AF132: 85.465248 | AG132: 0 | AH132: 65.387154 | AI132: 16.222 | AJ132: 23.006222 | AK132: 47.023968 | AL132: 53.014 | AM132: 56.492001 | AN132: 128.5625 | AO132: 68 | AP132: 67.082382 | AQ132: 41.746532 | AR132: 88 | AT132: 123 | AV132: 79 | AX132: 32 | AY132: 34.607857 | AZ132: 17 | BB132: 300 | BC132: 299.21002 | BD132: 7 | BE132: 6.9422655 | BF132: 30 | BG132: 10 | BH132: 11.215512 | BJ132: =SUM(BK132:BL132) -> 15 | BK132: 15 | BL132: 0 | BN132: =SUM(BO132:BP132) -> 122.2 | BO132: 74 | BP132: 48.200001 | BQ132: 289 | BR132: 79.846001 | BS132: 26.464001 | BT132: 45.026001 | BU132: 39.824001 | BV132: 69.599998 | BW132: 6.3000002 | BX132: 13.6 | BY132: 28 | BZ132: 0.013449262 | CA132: 0 | CB132: 29.17042 | CD132: 395.43048 | CE132: 67.208939 | CF132: 24.236847 | CG132: 35.338192 | CH132: 286.58414 | CI132: 89.537987 | CJ132: 38.613579 | CK132: 53.020363 | CL132: 34.941776 | CM132: 229.69112 | CN132: 76.554184 | CO132: 76.277885 | CP132: 71.222977 | CQ132: 0 | CR132: 52.806683 | CS132: 10.069882 | CT132: 43.197453 | CU132: 55.122543 | CV132: 70.99678 | CW132: 0 | CX132: 394 | CY132: 184.57729 | CZ132: 51.754101 | DA132: 20.279354 | DB132: 35.746025 | DC132: 84.886055 | DD132: 76 | DE132: 182 | DF132: 114.19202 | DG132: 79.086967 | DH132: 54.88361 | DI132: 37.887737 | DJ132: 212 | DK132: 114.002 | DL132: 27.934999 | DM132: 30.393999 | DN132: 49.303001 | DO132: 110.67149 | DP132: 16.285999 | DR132: 0 | DS132: 35 | DT132: 12 | DV132: 163 | DW132: 162.50368 | DX132: 10 | DZ132: 45 | EA132: 3 | EB132: 0 | EC132: 1 | ED132: 271.10001 | EE132: 42 | EF132: 42.833333 | EG132: 44.433333 | EH132: 해안동
A133: =A132 + TIME(,1,) -> 46020.09 | B133: 247 | C133: 49.648998 | D133: 103.823 | E133: 15.833 | F133: 0 | G133: 17.982 | H133: 318 | I133: 275 | J133: 62.769001 | K133: 67.491158 | L133: 45.415001 | M133: 12.101 | N133: 18.194 | O133: 18 | P133: 0 | Q133: 20.162558 | R133: 10.996875 | S133: 11.302674 | T133: 9 | U133: 9 | V133: 953 | W133: 28.945892 | X133: 27.934999 | Y133: 8.5880003 | Z133: 0 | AA133: 27.934999 | AB133: 0 | AC133: 58.217915 | AD133: 6.3610001 | AE133: 0 | AF133: 85.08757 | AG133: 0 | AH133: 65.383171 | AI133: 15.14 | AJ133: 21.242764 | AK133: 46.511353 | AL133: 44.355 | AM133: 57.700001 | AN133: 126.125 | AO133: 67 | AP133: 65.87896 | AQ133: 40.566509 | AR133: 90 | AT133: 123 | AV133: 80 | AX133: 32 | AY133: 34.233582 | AZ133: 16 | BB133: 299 | BC133: 297.47794 | BD133: 7 | BE133: 6.929739 | BF133: 30 | BG133: 10 | BH133: 11.192937 | BJ133: =SUM(BK133:BL133) -> 15 | BK133: 15 | BL133: 0 | BN133: =SUM(BO133:BP133) -> 123 | BO133: 74 | BP133: 49 | BQ133: 282 | BR133: 71.929001 | BS133: 24.683001 | BT133: 43.294998 | BU133: 38.361 | BV133: 69.5 | BW133: 6.3000002 | BX133: 13.6 | BY133: 27 | BZ133: 0.015203995 | CA133: 1 | CB133: 29.173626 | CD133: 398.97702 | CE133: 67.449219 | CF133: 24.489609 | CG133: 35.338192 | CH133: 285.8873 | CI133: 90.046555 | CJ133: 38.613579 | CK133: 54.077175 | CL133: 36.316578 | CM133: 230.09283 | CN133: 79.306313 | CO133: 76.277885 | CP133: 71.488159 | CQ133: 0 | CR133: 53.429764 | CS133: 10.096934 | CT133: 40.719349 | CU133: 52.674446 | CV133: 71.357361 | CW133: 5 | CX133: 396 | CY133: 184.6302 | CZ133: 52.218983 | DA133: 21.564619 | DB133: 37.176758 | DC133: 83.6278 | DD133: 71 | DE133: 182 | DF133: 114.35419 | DG133: 79.272652 | DH133: 54.546253 | DI133: 38.012184 | DJ133: 212 | DK133: 110.948 | DL133: 27.934999 | DM133: 30.393999 | DN133: 48.418999 | DO133: 112.0566 | DP133: 16.031 | DR133: 0 | DS133: 35.900002 | DT133: 12 | DV133: 173 | DW133: 162.30827 | DX133: 11 | DZ133: 46 | EA133: 3 | EB133: 0 | EC133: 1 | ED133: 274.89999 | EE133: 3 | EF133: 3 | EG133: 3 | EH133: 축산마을
A134: =A133 + TIME(,1,) -> 46020.09 | B134: 249 | C134: 43.768002 | D134: 103.936 | E134: 17.643 | F134: 7.4939642 | G134: 17.868999 | H134: 311 | I134: 283 | J134: 63.221001 | K134: 66.968773 | L134: 45.062 | M134: 12.893 | N134: 17.684999 | O134: 18 | P134: 0 | Q134: 18.725533 | R134: 12 | S134: 11.059241 | T134: 9 | U134: 9 | V134: 946 | W134: 28.685204 | X134: 28.386999 | Y134: 8.651 | Z134: 0 | AA134: 26.011999 | AB134: 0 | AC134: 58.878502 | AD134: 6.1069999 | AE134: 0 | AF134: 86.273987 | AG134: 0 | AH134: 65.383171 | AI134: 14.186 | AJ134: 20.584253 | AK134: 46.977642 | AL134: 38.522999 | AM134: 57.127998 | AN134: 126.9375 | AO134: 66 | AP134: 66.041306 | AQ134: 41.087322 | AR134: 87 | AT134: 123 | AV134: 80 | AX134: 32 | AY134: 34.263668 | AZ134: 16 | BB134: 299 | BC134: 302.67737 | BD134: 7 | BE134: 6.9343147 | BF134: 31 | BG134: 11 | BH134: 11.204237 | BJ134: =SUM(BK134:BL134) -> 15 | BK134: 15 | BL134: 0 | BN134: =SUM(BO134:BP134) -> 123 | BO134: 74 | BP134: 49 | BQ134: 278 | BR134: 71.929001 | BS134: 25.191999 | BT134: 41.216 | BU134: 39.124001 | BV134: 69.400002 | BW134: 6.4000001 | BX134: 13.5 | BY134: 28 | BZ134: 0.014300998 | CA134: 1 | CB134: 29.140648 | CD134: 390.99774 | CE134: 66.442123 | CF134: 23.692806 | CG134: 35.338192 | CH134: 285.11093 | CI134: 89.99688 | CJ134: 37.889034 | CK134: 53.211361 | CL134: 36.72068 | CM134: 230.82883 | CN134: 77.516266 | CO134: 76.217056 | CP134: 72.064751 | CQ134: 0 | CR134: 54.168381 | CS134: 10.634906 | CT134: 40.578167 | CU134: 50.123779 | CV134: 71.027824 | CW134: 3 | CX134: 396 | CY134: 182.34138 | CZ134: 52.575539 | DA134: 21.208485 | DB134: 35.417763 | DC134: 80.300102 | DD134: 80 | DE134: 180 | DF134: 112.75288 | DG134: 81.038429 | DH134: 54.701569 | DI134: 40.260582 | DJ134: 212 | DK134: 105.604 | DL134: 25.107 | DM134: 30.924999 | DN134: 47.889 | DO134: 110.87982 | DP134: 16.341999 | DR134: 0 | DS134: 35.5 | DT134: 13 | DV134: 167 | DW134: 162.31705 | DX134: 11 | DZ134: 46 | EA134: 3 | EB134: 0 | EC134: 2 | ED134: 274.79999 | EE134: 0 | EF134: 0 | EG134: 0 | EH134: F534(관정)
A135: =A134 + TIME(,1,) -> 46020.091 | B135: 243 | C135: 43.09 | D135: 102.918 | E135: 17.077 | F135: 10.272831 | G135: 17.190001 | H135: 317 | I135: 284 | J135: 63.898998 | K135: 69.130333 | L135: 45.945 | M135: 11.649 | N135: 17.684999 | O135: 18 | P135: 0 | Q135: 18.920792 | R135: 10.003125 | S135: 9.9892473 | T135: 9 | U135: 9 | V135: 928 | W135: 31.735058 | X135: 29.405001 | Y135: 7.697 | Z135: 0 | AA135: 26.011999 | AB135: 0 | AC135: 57.485195 | AD135: 6.3610001 | AE135: 0 | AF135: 85.921219 | AG135: 0 | AH135: 65.449951 | AI135: 15.204 | AJ135: 19.582039 | AK135: 47.297539 | AL135: 40.466999 | AM135: 58.909 | AN135: 126.5625 | AO135: 68 | AP135: 66.079033 | AQ135: 43.726067 | AR135: 87 | AT135: 122 | AV135: 70 | AX135: 31 | AY135: 34.299797 | AZ135: 17 | BB135: 300 | BC135: 300.29938 | BD135: 7 | BE135: 6.9250555 | BF135: 31 | BG135: 11 | BH135: 11.294333 | BJ135: =SUM(BK135:BL135) -> 15 | BK135: 15 | BL135: 0 | BN135: =SUM(BO135:BP135) -> 123 | BO135: 74 | BP135: 49 | BQ135: 278 | BR135: 72.834 | BS135: 25.191999 | BT135: 40.869999 | BU135: 38.932999 | BV135: 68.5 | BW135: 6.5 | BX135: 13.5 | BY135: 29 | BZ135: 0.013705206 | CA135: 1 | CB135: 29.080227 | CD135: 388.95956 | CE135: 65.214447 | CF135: 23.758327 | CG135: 35.338192 | CH135: 286.23395 | CI135: 87.725349 | CJ135: 37.889034 | CK135: 53.550522 | CL135: 38.967842 | CM135: 226.5936 | CN135: 74.630989 | CO135: 75.767761 | CP135: 70.381836 | CQ135: 0 | CR135: 52.609074 | CS135: 10.880474 | CT135: 37.531967 | CU135: 49.440369 | CV135: 73.861084 | CW135: 1 | CX135: 389 | CY135: 183.00797 | CZ135: 53.420033 | DA135: 22.371567 | DB135: 34.060223 | DC135: 79.935188 | DD135: 81 | DE135: 184 | DF135: 115.36212 | DG135: 81.35746 | DH135: 55.740868 | DI135: 39.02734 | DJ135: 212 | DK135: 116.292 | DL135: 27.708 | DM135: 30.570999 | DN135: 52.484001 | DO135: 111.76794 | DP135: 15.635 | DR135: 0 | DS135: 35.299999 | DT135: 12 | DV135: 171 | DW135: 161.97327 | DX135: 10 | DZ135: 45 | EA135: 3 | EB135: 0 | EC135: 1 | ED135: 276.29999 | EE135: 1 | EF135: 1 | EG135: 1.0166667 | EH135: F535(관정)
A136: =A135 + TIME(,1,) -> 46020.092 | B136: 248 | C136: 46.709 | D136: 104.049 | E136: 17.530001 | F136: 0 | G136: 17.756001 | H136: 313 | I136: 284 | J136: 64.578003 | K136: 67.854301 | L136: 46.299 | M136: 12.214 | N136: 18.066999 | O136: 19 | P136: 0 | Q136: 20.722425 | R136: 10.996875 | S136: 10.949306 | T136: 9 | U136: 9 | V136: 928 | W136: 27.089239 | X136: 28.274 | Y136: 7.6339998 | Z136: 0 | AA136: 23.976 | AB136: 0 | AC136: 57.879723 | AD136: 6.1069999 | AE136: 0 | AF136: 85.754089 | AG136: 0 | AH136: 65.50219 | AI136: 14.059 | AJ136: 20.873615 | AK136: 47.386459 | AL136: 40.290001 | AM136: 56.428001 | AN136: 131.3125 | AO136: 70 | AP136: 66.743095 | AQ136: 44.929153 | AR136: 86 | AT136: 123 | AV136: 70 | AX136: 30 | AY136: 33.622787 | AZ136: 17 | BB136: 300 | BC136: 299.68698 | BD136: 7 | BE136: 6.9250555 | BF136: 30 | BG136: 10 | BH136: 11.218832 | BJ136: =SUM(BK136:BL136) -> 15 | BK136: 15 | BL136: 0 | BN136: =SUM(BO136:BP136) -> 123.2 | BO136: 74 | BP136: 49.200001 | BQ136: 284 | BR136: 75.775002 | BS136: 24.683001 | BT136: 42.948002 | BU136: 38.361 | BV136: 69.199997 | BW136: 6.3000002 | BX136: 13.5 | BY136: 28 | BZ136: 0.013684563 | CA136: 1 | CB136: 29.058817 | CD136: 389.78391 | CE136: 68.255234 | CF136: 23.511642 | CG136: 35.338192 | CH136: 286.39536 | CI136: 88.175949 | CJ136: 40.305691 | CK136: 51.982037 | CL136: 35.495983 | CM136: 228.16325 | CN136: 75.986107 | CO136: 74.713982 | CP136: 72.977272 | CQ136: 0 | CR136: 52.929752 | CS136: 10.407005 | CT136: 36.951843 | CU136: 50.416878 | CV136: 75.095238 | CW136: 3 | CX136: 387 | CY136: 169.49548 | CZ136: 53.153252 | DA136: 21.686968 | DB136: 34.03133 | DC136: 81.617447 | DD136: 73 | DE136: 184 | DF136: 114.83566 | DG136: 79.709831 | DH136: 55.40218 | DI136: 39.90292 | DJ136: 214 | DK136: 115.528 | DL136: 27.368999 | DM136: 26.860001 | DN136: 52.484001 | DO136: 114.13496 | DP136: 16.681 | DR136: 0 | DS136: 34.5 | DT136: 12 | DV136: 168 | DW136: 161.97327 | DX136: 10 | DZ136: 45 | EA136: 3 | EB136: 0 | EC136: 1 | ED136: 275.5 | EE136: 222.8 | EF136: 224.41667 | EG136: 228.03667 | EH136: 월산신구배시내통합유출
A137: =A136 + TIME(,1,) -> 46020.092 | B137: 244 | C137: 51.006001 | D137: 103.936 | E137: 15.833 | F137: 11.507025 | G137: 17.077 | H137: 317 | I137: 283 | J137: 62.882 | K137: 66.646881 | L137: 46.828999 | M137: 12.214 | N137: 17.684999 | O137: 19 | P137: 0 | Q137: 19.065029 | R137: 10.996875 | S137: 10.200877 | T137: 0 | U137: 0 | V137: 931 | W137: 26.764286 | X137: 27.594999 | Y137: 7.7610002 | Z137: 0 | AA137: 24.768 | AB137: 0 | AC137: 56.455013 | AD137: 6.3610001 | AE137: 0 | AF137: 84.297592 | AG137: 0 | AH137: 65.189217 | AI137: 15.14 | AJ137: 22.101212 | AK137: 46.772842 | AL137: 36.932999 | AM137: 54.773998 | AN137: 129.5625 | AO137: 69 | AP137: 65.937973 | AQ137: 44.081165 | AR137: 87 | AT137: 123 | AV137: 71 | AX137: 30 | AY137: 33.713642 | AZ137: 17 | BB137: 299 | BC137: 299.3526 | BD137: 6.9000001 | BE137: 6.9169731 | BF137: 31 | BG137: 10 | BH137: 11.150011 | BJ137: =SUM(BK137:BL137) -> 15 | BK137: 15 | BL137: 0 | BN137: =SUM(BO137:BP137) -> 121.2 | BO137: 72 | BP137: 49.200001 | BQ137: 282 | BR137: 76.566002 | BS137: 24.429001 | BT137: 41.563 | BU137: 38.615002 | BV137: 68.199997 | BW137: 6.5 | BX137: 13.5 | BY137: 28 | BZ137: 0.013684563 | CA137: 1 | CB137: 29.015154 | CD137: 394.28394 | CE137: 65.868279 | CF137: 23.494146 | CG137: 35.338192 | CH137: 286.6951 | CI137: 87.796959 | CJ137: 38.401375 | CK137: 51.198315 | CL137: 37.583611 | CM137: 225.62959 | CN137: 72.855408 | CO137: 76.355896 | CP137: 72.214455 | CQ137: 0 | CR137: 54.708241 | CS137: 10.407005 | CT137: 35.878788 | CU137: 51.38348 | CV137: 70.213516 | CW137: 3 | CX137: 321 | CY137: 116.28899 | CZ137: 51.953106 | DA137: 21.638678 | DB137: 34.15847 | DC137: 81.864273 | DD137: 71 | DE137: 184 | DF137: 113.01182 | DG137: 76.593666 | DH137: 53.28701 | DI137: 39.850063 | DJ137: 214 | DK137: 113.493 | DL137: 25.445999 | DM137: 29.864 | DN137: 51.599998 | DO137: 116.11972 | DP137: 15.494 | DR137: 0 | DS137: 35 | DT137: 12 | DV137: 170 | DW137: 162.2377 | DX137: 11 | DZ137: 47 | EA137: 3 | EB137: 0 | EC137: 1 | ED137: 267.79999
A138: =A137 + TIME(,1,) -> 46020.093 | B138: 240 | C138: 51.910999 | D138: 104.501 | E138: 15.72 | F138: 5.858182 | G138: 16.964001 | H138: 318 | I138: 280 | J138: 63.898998 | K138: 68.09359 | L138: 45.415001 | M138: 12.214 | N138: 18.194 | O138: 19 | P138: 0 | Q138: 20.303984 | R138: 10.996875 | S138: 11.704675 | T138: 0 | U138: 0 | V138: 940 | W138: 28.211874 | X138: 27.594999 | Y138: 7.506 | Z138: 0 | AA138: 24.202 | AB138: 0 | AC138: 57.021618 | AD138: 6.1069999 | AE138: 0 | AF138: 85.026505 | AG138: 0 | AH138: 65.462959 | AI138: 14.504 | AJ138: 20.025251 | AK138: 46.379955 | AL138: 41.527 | AM138: 57.382 | AN138: 125.4375 | AO138: 64 | AP138: 65.639381 | AQ138: 39.329113 | AR138: 83 | AT138: 123 | AV138: 72 | AX138: 30 | AY138: 33.290836 | AZ138: 17 | BB138: 300 | BC138: 302.48209 | BD138: 6.9000001 | BE138: 6.925602 | BF138: 31 | BG138: 10 | BH138: 11.141602 | BJ138: =SUM(BK138:BL138) -> 15 | BK138: 15 | BL138: 0 | BN138: =SUM(BO138:BP138) -> 122 | BO138: 74 | BP138: 48 | BQ138: 282 | BR138: 78.488998 | BS138: 24.937 | BT138: 45.026001 | BU138: 39.569 | BV138: 68.5 | BW138: 6.3000002 | BX138: 13.5 | BY138: 28 | BZ138: 0.014651143 | CA138: 1 | CB138: 29.015154 | CD138: 392.58282 | CE138: 66.533257 | CF138: 22.925896 | CG138: 35.338192 | CH138: 286.6951 | CI138: 87.33725 | CJ138: 38.704922 | CK138: 50.935715 | CL138: 37.954285 | CM138: 226.19373 | CN138: 74.209663 | CO138: 75.580658 | CP138: 74.541069 | CQ138: 0 | CR138: 53.277649 | CS138: 11.092932 | CT138: 36.256184 | CU138: 47.152237 | CV138: 68.809288 | CW138: 2 | CX138: 345 | CY138: 128.8418 | CZ138: 53.294731 | DA138: 22.454714 | DB138: 34.633286 | DC138: 83.502403 | DD138: 73 | DE138: 183 | DF138: 111.97249 | DG138: 76.622322 | DH138: 54.743839 | DI138: 39.26096 | DJ138: 213 | DK138: 112.22 | DL138: 24.202 | DM138: 29.157 | DN138: 51.247002 | DO138: 113.8765 | DP138: 15.494 | DR138: 0 | DS138: 34.900002 | DT138: 13 | DV138: 168 | DW138: 161.30322 | DX138: 10 | DZ138: 47 | EA138: 3 | EB138: 0 | EC138: 1 | ED138: 271
A139: =A138 + TIME(,1,) -> 46020.094 | B139: 244 | C139: 50.215 | D139: 103.823 | E139: 16.625 | F139: 0 | G139: 17.982 | H139: 310 | I139: 278 | J139: 62.882 | K139: 68.819092 | L139: 44.532001 | M139: 13.006 | N139: 17.558001 | O139: 19 | P139: 0 | Q139: 20.303984 | R139: 12 | S139: 10.208863 | T139: 0 | U139: 0 | V139: 943 | W139: 29.009363 | X139: 27.256001 | Y139: 7.4429998 | Z139: 0 | AA139: 24.429001 | AB139: 0 | AC139: 56.90094 | AD139: 6.3610001 | AE139: 0 | AF139: 85.170418 | AG139: 0 | AH139: 66.082581 | AI139: 12.659 | AJ139: 21.357601 | AK139: 47.252548 | AL139: 40.997002 | AM139: 55.41 | AN139: 124.25 | AO139: 64 | AP139: 65.889565 | AQ139: 37.94838 | AR139: 83 | AT139: 123 | AV139: 73 | AX139: 32 | AY139: 33.954636 | AZ139: 17 | BB139: 299 | BC139: 301.76169 | BD139: 6.9000001 | BE139: 6.9439197 | BF139: 31 | BG139: 10 | BH139: 11.159712 | BJ139: =SUM(BK139:BL139) -> 14 | BK139: 14 | BL139: 0 | BN139: =SUM(BO139:BP139) -> 122 | BO139: 73 | BP139: 49 | BQ139: 279 | BR139: 75.209 | BS139: 24.683001 | BT139: 40.869999 | BU139: 38.551998 | BV139: 69.800003 | BW139: 6.3000002 | BX139: 13.6 | BY139: 27 | BZ139: 0.014164959 | CA139: 1 | CB139: 29.05308 | CD139: 388.4689 | CE139: 67.521271 | CF139: 22.94932 | CG139: 35.338192 | CH139: 288.64102 | CI139: 87.073021 | CJ139: 37.289848 | CK139: 52.4603 | CL139: 38.021317 | CM139: 229.52321 | CN139: 75.12516 | CO139: 74.906685 | CP139: 76.115227 | CQ139: 0 | CR139: 51.913605 | CS139: 10.861447 | CT139: 37.010029 | CU139: 49.72879 | CV139: 68.624489 | CW139: 5 | CX139: 336 | CY139: 130.04297 | CZ139: 52.030136 | DA139: 22.158112 | DB139: 34.997227 | DC139: 83.83606 | DD139: 67 | DE139: 184 | DF139: 111.59434 | DG139: 77.176331 | DH139: 53.685402 | DI139: 37.473923 | DJ139: 213 | DK139: 112.22 | DL139: 24.202 | DM139: 30.747999 | DN139: 54.250999 | DO139: 113.16721 | DP139: 16.229 | DR139: 0 | DS139: 34.799999 | DT139: 13 | DV139: 168 | DW139: 160.70435 | DX139: 10 | DZ139: 46 | EA139: 3 | EB139: 0 | EC139: 1 | ED139: 265.60001
A140: =A139 + TIME(,1,) -> 46020.094 | B140: 245 | C140: 50.215 | D140: 102.466 | E140: 14.815 | F140: 12.523303 | G140: 18.320999 | H140: 310 | I140: 276 | J140: 64.013 | K140: 66.87323 | L140: 46.299 | M140: 13.119 | N140: 17.431 | O140: 20 | P140: 0 | Q140: 21.32588 | R140: 9 | S140: 8.8287668 | T140: 0 | U140: 0 | V140: 939 | W140: 28.644526 | X140: 27.143 | Y140: 7.506 | Z140: 0 | AA140: 24.768 | AB140: 0 | AC140: 58.608044 | AD140: 6.3610001 | AE140: 0 | AF140: 86.063812 | AG140: 0 | AH140: 67.158752 | AI140: 12.787 | AJ140: 21.903326 | AK140: 47.329994 | AL140: 39.23 | AM140: 55.918999 | AN140: 124.25 | AO140: 65 | AP140: 65.88282 | AQ140: 39.114834 | AR140: 88 | AT140: 123 | AV140: 80 | AX140: 31 | AY140: 33.471985 | AZ140: 16 | BB140: 298 | BC140: 300.1384 | BD140: 6.9000001 | BE140: 6.9294143 | BF140: 31 | BG140: 10 | BH140: 11.095459 | BJ140: =SUM(BK140:BL140) -> 14 | BK140: 14 | BL140: 0 | BN140: =SUM(BO140:BP140) -> 121 | BO140: 72 | BP140: 49 | BQ140: 283 | BR140: 79.280998 | BS140: 25.191999 | BT140: 41.563 | BU140: 38.615002 | BV140: 69.400002 | BW140: 6.4000001 | BX140: 13.7 | BY140: 27 | BZ140: 0.014861803 | CA140: 1 | CB140: 29.05308 | CD140: 356.3638 | CE140: 32.985271 | CF140: 22.748863 | CG140: 35.338192 | CH140: 288.0946 | CI140: 87.468674 | CJ140: 38.533436 | CK140: 52.165829 | CL140: 38.504505 | CM140: 232.57608 | CN140: 77.920334 | CO140: 75.137695 | CP140: 75.016792 | CQ140: 0 | CR140: 53.123425 | CS140: 9.7919416 | CT140: 36.160854 | CU140: 53.147205 | CV140: 68.96682 | CW140: 2 | CX140: 335 | CY140: 126.68736 | CZ140: 52.939819 | DA140: 20.729206 | DB140: 35.754635 | DC140: 82.541359 | DD140: 67 | DE140: 181 | DF140: 111.32539 | DG140: 76.574554 | DH140: 54.822365 | DI140: 38.013912 | DJ140: 217 | DK140: 112.729 | DL140: 25.107 | DM140: 30.747999 | DN140: 52.130001 | DO140: 114.29195 | DP140: 16.201 | DR140: 0 | DS140: 35.700001 | DT140: 13 | DV140: 170 | DW140: 159.77316 | DX140: 10 | DZ140: 46 | EA140: 3 | EB140: 0 | EC140: 1 | ED140: 266.39999
A141: =A140 + TIME(,1,) -> 46020.095 | B141: 246 | C141: 51.685001 | D141: 103.823 | E141: 15.72 | F141: 8.6949053 | G141: 16.964001 | H141: 314 | I141: 284 | J141: 63.446999 | K141: 67.703545 | L141: 44.355 | M141: 12.893 | N141: 18.320999 | O141: 20 | P141: 0 | Q141: 20.920254 | R141: 10.003125 | S141: 9.6625805 | T141: 0 | U141: 0 | V141: 936 | W141: 27.006695 | X141: 27.820999 | Y141: 7.9520001 | Z141: 0 | AA141: 24.542 | AB141: 0 | AC141: 56.205544 | AD141: 6.3610001 | AE141: 0 | AF141: 85.10305 | AG141: 0 | AH141: 66.27346 | AI141: 15.331 | AJ141: 21.903326 | AK141: 46.871227 | AL141: 37.993 | AM141: 54.773998 | AN141: 126.0625 | AO141: 66 | AP141: 65.88282 | AQ141: 39.135841 | AR141: 85 | AT141: 122 | AV141: 80 | AX141: 30 | AY141: 33.673744 | AZ141: 17 | BB141: 297 | BC141: 301.1795 | BD141: 6.9000001 | BE141: 6.9294143 | BF141: 31 | BG141: 10 | BH141: 11.199703 | BJ141: =SUM(BK141:BL141) -> 15 | BK141: 15 | BL141: 0 | BN141: =SUM(BO141:BP141) -> 122 | BO141: 73 | BP141: 49 | BQ141: 277 | BR141: 72.946999 | BS141: 25.191999 | BT141: 41.909 | BU141: 38.233002 | BV141: 67.800003 | BW141: 6.3000002 | BX141: 14.2 | BY141: 30 | BZ141: 0.014495736 | CA141: 2 | CB141: 29.491468 | CD141: 357.34641 | CE141: 34.648335 | CF141: 23.112637 | CG141: 35.338192 | CH141: 285.8804 | CI141: 89.859612 | CJ141: 40.637405 | CK141: 52.127701 | CL141: 35.449001 | CM141: 232.57608 | CN141: 76.26619 | CO141: 77.266159 | CP141: 74.737076 | CQ141: 0 | CR141: 52.714817 | CS141: 9.9697523 | CT141: 35.796589 | CU141: 51.00539 | CV141: 69.737335 | CW141: 1 | CX141: 333 | CY141: 124.70917 | CZ141: 52.336838 | DA141: 20.986004 | DB141: 33.633793 | DC141: 82.541359 | DD141: 71 | DE141: 183 | DF141: 111.0936 | DG141: 78.364006 | DH141: 54.59861 | DI141: 38.339405 | DJ141: 214 | DK141: 111.457 | DL141: 27.256001 | DM141: 26.860001 | DN141: 52.130001 | DO141: 113.33638 | DP141: 16.059 | DR141: 0 | DS141: 35.099998 | DT141: 13 | DV141: 169 | DW141: 158.31961 | DX141: 10 | DZ141: 46 | EA141: 3 | EB141: 0 | EC141: 1 | ED141: 270.20001
A142: =A141 + TIME(,1,) -> 46020.096 | B142: 241 | C142: 49.084 | D142: 104.275 | E142: 17.643 | F142: 10.104497 | G142: 17.530001 | H142: 316 | I142: 282 | J142: 63.673 | K142: 66.036949 | L142: 45.415001 | M142: 13.571 | N142: 17.493999 | O142: 20 | P142: 0 | Q142: 20.615213 | R142: 9 | S142: 9.4045429 | T142: 0 | U142: 0 | V142: 934 | W142: 28.423344 | X142: 27.934999 | Y142: 7.5700002 | Z142: 0 | AA142: 22.167 | AB142: 0 | AC142: 56.46106 | AD142: 6.1069999 | AE142: 0 | AF142: 85.545273 | AG142: 0 | AH142: 67.446655 | AI142: 16.922001 | AJ142: 21.004517 | AK142: 46.493832 | AL142: 38.522999 | AM142: 55.283001 | AN142: 128.8125 | AO142: 67 | AP142: 66.628174 | AQ142: 41.20351 | AR142: 84 | AT142: 122 | AV142: 80 | AX142: 30 | AY142: 33.070518 | AZ142: 17 | BB142: 297 | BC142: 300.20956 | BD142: 6.9000001 | BE142: 6.9327598 | BF142: 32 | BG142: 10 | BH142: 11.1853 | BJ142: =SUM(BK142:BL142) -> 14 | BK142: 14 | BL142: 0 | BN142: =SUM(BO142:BP142) -> 122 | BO142: 73 | BP142: 49 | BQ142: 282 | BR142: 73.059998 | BS142: 24.683001 | BT142: 41.563 | BU142: 38.932999 | BV142: 68.699997 | BW142: 6.3000002 | BX142: 13.5 | BY142: 27 | BZ142: 0.013872151 | CA142: 1 | CB142: 29.414246 | CD142: 361.96844 | CE142: 35.110531 | CF142: 23.346529 | CG142: 35.338192 | CH142: 285.42609 | CI142: 85.371582 | CJ142: 38.234127 | CK142: 51.495743 | CL142: 36.257919 | CM142: 226.18375 | CN142: 74.552292 | CO142: 74.186028 | CP142: 72.414253 | CQ142: 0 | CR142: 52.327919 | CS142: 9.3078442 | CT142: 37.661732 | CU142: 48.412952 | CV142: 67.85524 | CW142: 4 | CX142: 330 | CY142: 124.97614 | CZ142: 52.358128 | DA142: 21.340912 | DB142: 32.877197 | DC142: 83.448166 | DD142: 75 | DE142: 184 | DF142: 110.0391 | DG142: 75.304291 | DH142: 54.512459 | DI142: 41.354092 | DJ142: 216 | DK142: 111.457 | DL142: 26.577 | DM142: 29.157 | DN142: 52.306999 | DO142: 113.8578 | DP142: 16.031 | DR142: 0 | DS142: 35 | DT142: 12 | DV142: 164 | DW142: 153.40749 | DX142: 10 | DZ142: 45 | EA142: 3 | EB142: 0 | EC142: 1 | ED142: 264.60001
A143: =A142 + TIME(,1,) -> 46020.097 | B143: 243 | C143: 50.779999 | D143: 103.484 | E143: 17.416 | F143: 11.231627 | G143: 18.208 | H143: 313 | I143: 281 | J143: 63.898998 | K143: 64.043846 | L143: 44.178001 | M143: 13.571 | N143: 17.049 | O143: 18 | P143: 0 | Q143: 18.679407 | R143: 9 | S143: 9.7137613 | T143: 0 | U143: 0 | V143: 929 | W143: 31.060352 | X143: 27.934999 | Y143: 7.2519999 | Z143: 0 | AA143: 23.184 | AB143: 0 | AC143: 58.001114 | AD143: 6.6160002 | AE143: 0 | AF143: 86.575142 | AG143: 0 | AH143: 65.676613 | AI143: 15.458 | AJ143: 21.972609 | AK143: 46.348587 | AL143: 38.876999 | AM143: 55.536999 | AN143: 126.3125 | AO143: 67 | AP143: 67.157516 | AQ143: 41.555939 | AR143: 83 | AT143: 122 | AV143: 80 | AX143: 30 | AY143: 33.070518 | AZ143: 16 | BB143: 298 | BC143: 299.3811 | BD143: 6.9000001 | BE143: 6.9375482 | BF143: 32 | BG143: 10 | BH143: 11.1853 | BJ143: =SUM(BK143:BL143) -> 14 | BK143: 14 | BL143: 0 | BN143: =SUM(BO143:BP143) -> 121.3 | BO143: 73 | BP143: 48.299999 | BQ143: 275 | BR143: 69.893997 | BS143: 24.937 | BT143: 40.523998 | BU143: 39.124001 | BV143: 69 | BW143: 6.4000001 | BX143: 13.5 | BY143: 29 | BZ143: 0.013872151 | CA143: 1 | CB143: 29.148649 | CD143: 363.53656 | CE143: 35.284859 | CF143: 23.049603 | CG143: 35.338192 | CH143: 286.05392 | CI143: 83.890091 | CJ143: 38.011295 | CK143: 50.665607 | CL143: 37.302837 | CM143: 228.93398 | CN143: 75.213867 | CO143: 74.55909 | CP143: 74.3116 | CQ143: 0 | CR143: 51.731636 | CS143: 9.3026752 | CT143: 40.965176 | CU143: 49.239979 | CV143: 68.234283 | CW143: 2 | CX143: 339 | CY143: 126.3902 | CZ143: 51.421238 | DA143: 20.851696 | DB143: 35.228664 | DC143: 82.520142 | DD143: 59 | DE143: 183 | DF143: 108.66611 | DG143: 75.304291 | DH143: 52.697498 | DI143: 37.577091 | DJ143: 209 | DK143: 104.077 | DL143: 25.107 | DM143: 23.326 | DN143: 47.181999 | DO143: 113.85908 | DP143: 15.494 | DR143: 0 | DS143: 35 | DT143: 12 | DV143: 149 | DW143: 122.49339 | DX143: 10 | DZ143: 45 | EA143: 3 | EB143: 0 | EC143: 1 | ED143: 261.89999
A144: =A143 + TIME(,1,) -> 46020.097 | B144: 245 | C144: 51.233002 | D144: 103.597 | E144: 16.738001 | F144: 0 | G144: 17.530001 | H144: 312 | I144: 277 | J144: 63.785999 | K144: 63.519611 | L144: 44.355 | M144: 13.119 | N144: 17.367001 | O144: 18 | P144: 0 | Q144: 18.679407 | R144: 10.996875 | S144: 10.119596 | T144: 0 | U144: 0 | V144: 929 | W144: 28.17687 | X144: 27.934999 | Y144: 7.697 | Z144: 0 | AA144: 24.315001 | AB144: 0 | AC144: 56.419197 | AD144: 6.3610001 | AE144: 0 | AF144: 85.239555 | AG144: 0 | AH144: 67.805458 | AI144: 13.486 | AJ144: 22.130653 | AK144: 46.161297 | AL144: 40.113998 | AM144: 54.328999 | AN144: 124.9375 | AO144: 66 | AP144: 66.880577 | AQ144: 38.652317 | AR144: 83 | AT144: 122 | AV144: 71 | AX144: 31 | AY144: 32.947411 | AZ144: 15 | BB144: 298 | BC144: 298.1073 | BD144: 7 | BE144: 6.9944525 | BF144: 31 | BG144: 10 | BH144: 11.303288 | BJ144: =SUM(BK144:BL144) -> 15 | BK144: 15 | BL144: 0 | BN144: =SUM(BO144:BP144) -> 122 | BO144: 73 | BP144: 49 | BQ144: 276 | BR144: 69.214996 | BS144: 25.445999 | BT144: 43.640999 | BU144: 38.869999 | BV144: 69.099998 | BW144: 6.3000002 | BX144: 13.5 | BY144: 28 | BZ144: 0.015066021 | CA144: 1 | CB144: 29.113186 | CD144: 363.05341 | CE144: 37.319447 | CF144: 22.583744 | CG144: 35.338192 | CH144: 285.9025 | CI144: 84.583084 | CJ144: 36.040962 | CK144: 51.07045 | CL144: 37.292603 | CM144: 228.2399 | CN144: 75.745842 | CO144: 75.48571 | CP144: 74.3116 | CQ144: 0 | CR144: 51.176346 | CS144: 9.6019831 | CT144: 41.378746 | CU144: 50.168537 | CV144: 67.969444 | CW144: 2 | CX144: 331 | CY144: 126.88523 | CZ144: 52.341763 | DA144: 21.118212 | DB144: 33.594013 | DC144: 82.256104 | DD144: 59 | DE144: 183 | DF144: 109.34059 | DG144: 76.850777 | DH144: 52.890961 | DI144: 38.219707 | DJ144: 209 | DK144: 104.077 | DL144: 25.333 | DM144: 25.622999 | DN144: 48.243 | DO144: 114.13376 | DP144: 15.692 | DR144: 0 | DS144: 34.900002 | DT144: 12 | DV144: 11 | DW144: 2.0531898 | DX144: 10 | DZ144: 46 | EA144: 3 | EB144: 0 | EC144: 1 | ED144: 264
A145: =A144 + TIME(,1,) -> 46020.098 | B145: 247 | C145: 52.816002 | D145: 102.805 | E145: 18.208 | F145: 10.398396 | G145: 16.964001 | H145: 311 | I145: 278 | J145: 62.429001 | K145: 63.498688 | L145: 45.062 | M145: 12.666 | N145: 18.320999 | O145: 18 | P145: 0 | Q145: 19.378143 | R145: 10.996875 | S145: 10.8794 | T145: 0 | U145: 0 | V145: 930 | W145: 27.100166 | X145: 28.048 | Y145: 8.0150003 | Z145: 0 | AA145: 24.089001 | AB145: 0 | AC145: 55.36898 | AD145: 6.6160002 | AE145: 0 | AF145: 85.364601 | AG145: 0 | AH145: 66.499046 | AI145: 14.186 | AJ145: 21.238701 | AK145: 45.323757 | AL145: 42.588001 | AM145: 55.665001 | AN145: 124.9375 | AO145: 65 | AP145: 67.20665 | AQ145: 39.490433 | AR145: 86 | AT145: 124 | AV145: 73 | AX145: 30 | AY145: 32.873409 | AZ145: 16 | BB145: 297 | BC145: 298.1073 | BD145: 7 | BE145: 6.9861956 | BF145: 31 | BG145: 11 | BH145: 11.284589 | BJ145: =SUM(BK145:BL145) -> 15 | BK145: 15 | BL145: 0 | BN145: =SUM(BO145:BP145) -> 122 | BO145: 73 | BP145: 49 | BQ145: 274 | BR145: 68.763 | BS145: 24.683001 | BT145: 41.563 | BU145: 38.105999 | BV145: 70.300003 | BW145: 6 | BX145: 13.5 | BY145: 28 | BZ145: 0.015684929 | CA145: 1 | CB145: 29.113186 | CD145: 359.86597 | CE145: 34.089813 | CF145: 22.573669 | CG145: 35.338192 | CH145: 284.67545 | CI145: 84.628647 | CJ145: 37.30159 | CK145: 51.366646 | CL145: 36.786854 | CM145: 229.13737 | CN145: 75.333977 | CO145: 74.441368 | CP145: 74.009209 | CQ145: 0 | CR145: 51.693478 | CS145: 8.9748898 | CT145: 34.670326 | CU145: 48.431614 | CV145: 67.759094 | CW145: 7 | CX145: 332 | CY145: 127.2746 | CZ145: 53.134277 | DA145: 19.600004 | DB145: 33.013721 | DC145: 83.301064 | DD145: 68 | DE145: 183 | DF145: 107.98573 | DG145: 79.361198 | DH145: 52.338917 | DI145: 39.505623 | DJ145: 209 | DK145: 107.131 | DL145: 24.089001 | DM145: 26.33 | DN145: 50.893002 | DO145: 113.12863 | DP145: 15.522 | DR145: 0 | DS145: 35.299999 | DT145: 12 | DV145: 11 | DW145: 2.067811 | DX145: 10 | DZ145: 45 | EA145: 3 | EB145: 0 | EC145: 1 | ED145: 266.5
